Copyright 1986-2018 Xilinx, Inc. All Rights Reserved.
--------------------------------------------------------------------------------------------------------------------------------------------------------------------
| Tool Version : Vivado v.2018.2 (win64) Build 2258646 Thu Jun 14 20:03:12 MDT 2018
| Date         : Sat Sep 19 21:30:20 2026
| Host         : Eng_Ahmed running 64-bit major release  (build 9200)
| Command      : report_timing_summary -delay_type min_max -max_paths 10 -input_pins -file D:/Digital_IC_Design/SSCS_Design_Competition/fpga/reports/lut/timing.rpt
| Design       : conv_top
| Device       : 7z020-clg400
| Speed File   : -1  PRODUCTION 1.11 2014-09-11
--------------------------------------------------------------------------------------------------------------------------------------------------------------------

Timing Summary Report

------------------------------------------------------------------------------------------------
| Timer Settings
| --------------
------------------------------------------------------------------------------------------------

  Enable Multi Corner Analysis               :  Yes
  Enable Pessimism Removal                   :  Yes
  Pessimism Removal Resolution               :  Nearest Common Node
  Enable Input Delay Default Clock           :  No
  Enable Preset / Clear Arcs                 :  No
  Disable Flight Delays                      :  No
  Ignore I/O Paths                           :  No
  Timing Early Launch at Borrowing Latches   :  false

  Corner  Analyze    Analyze    
  Name    Max Paths  Min Paths  
  ------  ---------  ---------  
  Slow    Yes        Yes        
  Fast    Yes        Yes        



check_timing report

Table of Contents
-----------------
1. checking no_clock
2. checking constant_clock
3. checking pulse_width_clock
4. checking unconstrained_internal_endpoints
5. checking no_input_delay
6. checking no_output_delay
7. checking multiple_clock
8. checking generated_clocks
9. checking loops
10. checking partial_input_delay
11. checking partial_output_delay
12. checking latch_loops

1. checking no_clock
--------------------
 There are 0 register/latch pins with no clock.


2. checking constant_clock
--------------------------
 There are 0 register/latch pins with constant_clock.


3. checking pulse_width_clock
-----------------------------
 There are 0 register/latch pins which need pulse_width check


4. checking unconstrained_internal_endpoints
--------------------------------------------
 There are 0 pins that are not constrained for maximum delay.

 There are 0 pins that are not constrained for maximum delay due to constant clock.


5. checking no_input_delay
--------------------------
 There are 0 input ports with no input delay specified.

 There are 0 input ports with no input delay but user has a false path constraint.


6. checking no_output_delay
---------------------------
 There are 0 ports with no output delay specified.

 There are 0 ports with no output delay but user has a false path constraint

 There are 0 ports with no output delay but with a timing clock defined on it or propagating through it


7. checking multiple_clock
--------------------------
 There are 0 register/latch pins with multiple clocks.


8. checking generated_clocks
----------------------------
 There are 0 generated clocks that are not connected to a clock source.


9. checking loops
-----------------
 There are 0 combinational loops in the design.


10. checking partial_input_delay
--------------------------------
 There are 0 input ports with partial input delay specified.


11. checking partial_output_delay
---------------------------------
 There are 0 ports with partial output delay specified.


12. checking latch_loops
------------------------
 There are 0 combinational latch loops in the design through latch input



------------------------------------------------------------------------------------------------
| Design Timing Summary
| ---------------------
------------------------------------------------------------------------------------------------

    WNS(ns)      TNS(ns)  TNS Failing Endpoints  TNS Total Endpoints      WHS(ns)      THS(ns)  THS Failing Endpoints  THS Total Endpoints     WPWS(ns)     TPWS(ns)  TPWS Failing Endpoints  TPWS Total Endpoints  
    -------      -------  ---------------------  -------------------      -------      -------  ---------------------  -------------------     --------     --------  ----------------------  --------------------  
      0.428        0.000                      0                 1638        0.124        0.000                      0                 1638        2.353        0.000                       0                   850  


All user specified timing constraints are met.


------------------------------------------------------------------------------------------------
| Clock Summary
| -------------
------------------------------------------------------------------------------------------------

Clock  Waveform(ns)         Period(ns)      Frequency(MHz)
-----  ------------         ----------      --------------
clk    {0.000 3.333}        6.667           149.992         


------------------------------------------------------------------------------------------------
| Intra Clock Table
| -----------------
------------------------------------------------------------------------------------------------

Clock             WNS(ns)      TNS(ns)  TNS Failing Endpoints  TNS Total Endpoints      WHS(ns)      THS(ns)  THS Failing Endpoints  THS Total Endpoints     WPWS(ns)     TPWS(ns)  TPWS Failing Endpoints  TPWS Total Endpoints  
-----             -------      -------  ---------------------  -------------------      -------      -------  ---------------------  -------------------     --------     --------  ----------------------  --------------------  
clk                 0.428        0.000                      0                 1638        0.124        0.000                      0                 1638        2.353        0.000                       0                   850  


------------------------------------------------------------------------------------------------
| Inter Clock Table
| -----------------
------------------------------------------------------------------------------------------------

From Clock    To Clock          WNS(ns)      TNS(ns)  TNS Failing Endpoints  TNS Total Endpoints      WHS(ns)      THS(ns)  THS Failing Endpoints  THS Total Endpoints  
----------    --------          -------      -------  ---------------------  -------------------      -------      -------  ---------------------  -------------------  


------------------------------------------------------------------------------------------------
| Other Path Groups Table
| -----------------------
------------------------------------------------------------------------------------------------

Path Group    From Clock    To Clock          WNS(ns)      TNS(ns)  TNS Failing Endpoints  TNS Total Endpoints      WHS(ns)      THS(ns)  THS Failing Endpoints  THS Total Endpoints  
----------    ----------    --------          -------      -------  ---------------------  -------------------      -------      -------  ---------------------  -------------------  


------------------------------------------------------------------------------------------------
| Timing Details
| --------------
------------------------------------------------------------------------------------------------


---------------------------------------------------------------------------------------------------
From Clock:  clk
  To Clock:  clk

Setup :            0  Failing Endpoints,  Worst Slack        0.428ns,  Total Violation        0.000ns
Hold  :            0  Failing Endpoints,  Worst Slack        0.124ns,  Total Violation        0.000ns
PW    :            0  Failing Endpoints,  Worst Slack        2.353ns,  Total Violation        0.000ns
---------------------------------------------------------------------------------------------------


Max Delay Paths
--------------------------------------------------------------------------------------
Slack (MET) :             0.428ns  (required time - arrival time)
  Source:                 u_kernel_regfile/coef_reg[8][1]/C
                            (rising edge-triggered cell FDCE clocked by clk  {rise@0.000ns fall@3.333ns period=6.667ns})
  Destination:            u_mac_array/g_row[2].g_col[2].g_lut.p_q_reg[16]/D
                            (rising edge-triggered cell FDCE clocked by clk  {rise@0.000ns fall@3.333ns period=6.667ns})
  Path Group:             clk
  Path Type:              Setup (Max at Slow Process Corner)
  Requirement:            6.667ns  (clk rise@6.667ns - clk rise@0.000ns)
  Data Path Delay:        6.217ns  (logic 3.133ns (50.395%)  route 3.084ns (49.605%))
  Logic Levels:           9  (CARRY4=5 LUT3=1 LUT4=1 LUT6=2)
  Clock Path Skew:        -0.049ns (DCD - SCD + CPR)
    Destination Clock Delay (DCD):    0.924ns = ( 7.591 - 6.667 ) 
    Source Clock Delay      (SCD):    0.973ns
    Clock Pessimism Removal (CPR):    0.000ns
  Clock Uncertainty:      0.035ns  ((TSJ^2 + TIJ^2)^1/2 + DJ) / 2 + PE
    Total System Jitter     (TSJ):    0.071ns
    Total Input Jitter      (TIJ):    0.000ns
    Discrete Jitter          (DJ):    0.000ns
    Phase Error              (PE):    0.000ns

    Location             Delay type                Incr(ns)  Path(ns)    Netlist Resource(s)
  -------------------------------------------------------------------    -------------------
                         (clock clk rise edge)        0.000     0.000 r  
                                                      0.000     0.000 r  clk (IN)
                         net (fo=849, unset)          0.973     0.973    u_kernel_regfile/clk
    SLICE_X34Y77         FDCE                                         r  u_kernel_regfile/coef_reg[8][1]/C
  -------------------------------------------------------------------    -------------------
    SLICE_X34Y77         FDCE (Prop_fdce_C_Q)         0.518     1.491 r  u_kernel_regfile/coef_reg[8][1]/Q
                         net (fo=17, routed)          1.140     2.631    u_mac_array/coef[8][1]
    SLICE_X33Y79                                                      r  u_mac_array/g_row[2].g_col[2].g_lut.p_q[10]_i_14/I2
    SLICE_X33Y79         LUT6 (Prop_lut6_I2_O)        0.124     2.755 r  u_mac_array/g_row[2].g_col[2].g_lut.p_q[10]_i_14/O
                         net (fo=2, routed)           0.631     3.386    u_kernel_regfile/coef_reg[8][2]_0[1]
    SLICE_X34Y79                                                      r  u_kernel_regfile/g_row[2].g_col[2].g_lut.p_q[10]_i_18/I0
    SLICE_X34Y79         LUT6 (Prop_lut6_I0_O)        0.124     3.510 r  u_kernel_regfile/g_row[2].g_col[2].g_lut.p_q[10]_i_18/O
                         net (fo=1, routed)           0.000     3.510    u_mac_array/coef_reg[8][1][1]
    SLICE_X34Y79                                                      r  u_mac_array/g_row[2].g_col[2].g_lut.p_q_reg[10]_i_10/S[1]
    SLICE_X34Y79         CARRY4 (Prop_carry4_S[1]_CO[3])
                                                      0.533     4.043 r  u_mac_array/g_row[2].g_col[2].g_lut.p_q_reg[10]_i_10/CO[3]
                         net (fo=1, routed)           0.000     4.043    u_mac_array/g_row[2].g_col[2].g_lut.p_q_reg[10]_i_10_n_0
    SLICE_X34Y80                                                      r  u_mac_array/g_row[2].g_col[2].g_lut.p_q_reg[14]_i_10/CI
    SLICE_X34Y80         CARRY4 (Prop_carry4_CI_O[1])
                                                      0.323     4.366 r  u_mac_array/g_row[2].g_col[2].g_lut.p_q_reg[14]_i_10/O[1]
                         net (fo=2, routed)           0.623     4.989    u_mac_array/g_row[2].g_col[2].g_lut.p_q_reg[14]_i_10_n_6
    SLICE_X35Y80                                                      r  u_mac_array/g_row[2].g_col[2].g_lut.p_q[10]_i_2/I2
    SLICE_X35Y80         LUT3 (Prop_lut3_I2_O)        0.335     5.324 r  u_mac_array/g_row[2].g_col[2].g_lut.p_q[10]_i_2/O
                         net (fo=2, routed)           0.690     6.014    u_mac_array/g_row[2].g_col[2].g_lut.p_q[10]_i_2_n_0
    SLICE_X35Y80                                                      r  u_mac_array/g_row[2].g_col[2].g_lut.p_q[10]_i_6/I3
    SLICE_X35Y80         LUT4 (Prop_lut4_I3_O)        0.327     6.341 r  u_mac_array/g_row[2].g_col[2].g_lut.p_q[10]_i_6/O
                         net (fo=1, routed)           0.000     6.341    u_mac_array/g_row[2].g_col[2].g_lut.p_q[10]_i_6_n_0
    SLICE_X35Y80                                                      r  u_mac_array/g_row[2].g_col[2].g_lut.p_q_reg[10]_i_1/S[3]
    SLICE_X35Y80         CARRY4 (Prop_carry4_S[3]_CO[3])
                                                      0.401     6.742 r  u_mac_array/g_row[2].g_col[2].g_lut.p_q_reg[10]_i_1/CO[3]
                         net (fo=1, routed)           0.000     6.742    u_mac_array/g_row[2].g_col[2].g_lut.p_q_reg[10]_i_1_n_0
    SLICE_X35Y81                                                      r  u_mac_array/g_row[2].g_col[2].g_lut.p_q_reg[14]_i_1/CI
    SLICE_X35Y81         CARRY4 (Prop_carry4_CI_CO[3])
                                                      0.114     6.856 r  u_mac_array/g_row[2].g_col[2].g_lut.p_q_reg[14]_i_1/CO[3]
                         net (fo=1, routed)           0.000     6.856    u_mac_array/g_row[2].g_col[2].g_lut.p_q_reg[14]_i_1_n_0
    SLICE_X35Y82                                                      r  u_mac_array/g_row[2].g_col[2].g_lut.p_q_reg[16]_i_1/CI
    SLICE_X35Y82         CARRY4 (Prop_carry4_CI_O[1])
                                                      0.334     7.190 r  u_mac_array/g_row[2].g_col[2].g_lut.p_q_reg[16]_i_1/O[1]
                         net (fo=1, routed)           0.000     7.190    u_mac_array/g_row[2].g_col[2].g_lut.p_q_reg[16]_i_1_n_6
    SLICE_X35Y82         FDCE                                         r  u_mac_array/g_row[2].g_col[2].g_lut.p_q_reg[16]/D
  -------------------------------------------------------------------    -------------------

                         (clock clk rise edge)        6.667     6.667 r  
                                                      0.000     6.667 r  clk (IN)
                         net (fo=849, unset)          0.924     7.591    u_mac_array/clk
    SLICE_X35Y82         FDCE                                         r  u_mac_array/g_row[2].g_col[2].g_lut.p_q_reg[16]/C
                         clock pessimism              0.000     7.591    
                         clock uncertainty           -0.035     7.556    
    SLICE_X35Y82         FDCE (Setup_fdce_C_D)        0.062     7.618    u_mac_array/g_row[2].g_col[2].g_lut.p_q_reg[16]
  -------------------------------------------------------------------
                         required time                          7.618    
                         arrival time                          -7.190    
  -------------------------------------------------------------------
                         slack                                  0.428    

Slack (MET) :             0.433ns  (required time - arrival time)
  Source:                 u_kernel_regfile/coef_reg[1][5]/C
                            (rising edge-triggered cell FDCE clocked by clk  {rise@0.000ns fall@3.333ns period=6.667ns})
  Destination:            u_mac_array/g_row[0].g_col[1].g_lut.p_q_reg[16]/D
                            (rising edge-triggered cell FDCE clocked by clk  {rise@0.000ns fall@3.333ns period=6.667ns})
  Path Group:             clk
  Path Type:              Setup (Max at Slow Process Corner)
  Requirement:            6.667ns  (clk rise@6.667ns - clk rise@0.000ns)
  Data Path Delay:        6.212ns  (logic 2.720ns (43.789%)  route 3.492ns (56.211%))
  Logic Levels:           6  (CARRY4=3 LUT3=1 LUT4=1 LUT6=1)
  Clock Path Skew:        -0.049ns (DCD - SCD + CPR)
    Destination Clock Delay (DCD):    0.924ns = ( 7.591 - 6.667 ) 
    Source Clock Delay      (SCD):    0.973ns
    Clock Pessimism Removal (CPR):    0.000ns
  Clock Uncertainty:      0.035ns  ((TSJ^2 + TIJ^2)^1/2 + DJ) / 2 + PE
    Total System Jitter     (TSJ):    0.071ns
    Total Input Jitter      (TIJ):    0.000ns
    Discrete Jitter          (DJ):    0.000ns
    Phase Error              (PE):    0.000ns

    Location             Delay type                Incr(ns)  Path(ns)    Netlist Resource(s)
  -------------------------------------------------------------------    -------------------
                         (clock clk rise edge)        0.000     0.000 r  
                                                      0.000     0.000 r  clk (IN)
                         net (fo=849, unset)          0.973     0.973    u_kernel_regfile/clk
    SLICE_X39Y74         FDCE                                         r  u_kernel_regfile/coef_reg[1][5]/C
  -------------------------------------------------------------------    -------------------
    SLICE_X39Y74         FDCE (Prop_fdce_C_Q)         0.456     1.429 r  u_kernel_regfile/coef_reg[1][5]/Q
                         net (fo=18, routed)          1.375     2.804    u_mac_array/coef[1][5]
    SLICE_X39Y74                                                      r  u_mac_array/g_row[0].g_col[1].g_lut.p_q[14]_i_28/I0
    SLICE_X39Y74         LUT6 (Prop_lut6_I0_O)        0.124     2.928 r  u_mac_array/g_row[0].g_col[1].g_lut.p_q[14]_i_28/O
                         net (fo=2, routed)           0.625     3.552    u_mac_array/g_row[0].g_col[1].g_lut.p_q_reg[10]_1[1]
    SLICE_X38Y74                                                      r  u_mac_array/g_row[0].g_col[1].g_lut.p_q_reg[14]_i_12/DI[1]
    SLICE_X38Y74         CARRY4 (Prop_carry4_DI[1]_O[3])
                                                      0.610     4.162 r  u_mac_array/g_row[0].g_col[1].g_lut.p_q_reg[14]_i_12/O[3]
                         net (fo=2, routed)           0.847     5.009    u_mac_array/g_row[0].g_col[1].g_lut.p_q_reg[14]_i_12_n_4
    SLICE_X39Y76                                                      r  u_mac_array/g_row[0].g_col[1].g_lut.p_q[14]_i_5/I1
    SLICE_X39Y76         LUT3 (Prop_lut3_I1_O)        0.332     5.341 r  u_mac_array/g_row[0].g_col[1].g_lut.p_q[14]_i_5/O
                         net (fo=2, routed)           0.645     5.987    u_mac_array/g_row[0].g_col[1].g_lut.p_q[14]_i_5_n_0
    SLICE_X39Y77                                                      r  u_mac_array/g_row[0].g_col[1].g_lut.p_q[14]_i_9/I0
    SLICE_X39Y77         LUT4 (Prop_lut4_I0_O)        0.332     6.319 r  u_mac_array/g_row[0].g_col[1].g_lut.p_q[14]_i_9/O
                         net (fo=1, routed)           0.000     6.319    u_mac_array/g_row[0].g_col[1].g_lut.p_q[14]_i_9_n_0
    SLICE_X39Y77                                                      r  u_mac_array/g_row[0].g_col[1].g_lut.p_q_reg[14]_i_1/S[0]
    SLICE_X39Y77         CARRY4 (Prop_carry4_S[0]_CO[3])
                                                      0.532     6.851 r  u_mac_array/g_row[0].g_col[1].g_lut.p_q_reg[14]_i_1/CO[3]
                         net (fo=1, routed)           0.000     6.851    u_mac_array/g_row[0].g_col[1].g_lut.p_q_reg[14]_i_1_n_0
    SLICE_X39Y78                                                      r  u_mac_array/g_row[0].g_col[1].g_lut.p_q_reg[16]_i_1/CI
    SLICE_X39Y78         CARRY4 (Prop_carry4_CI_O[1])
                                                      0.334     7.185 r  u_mac_array/g_row[0].g_col[1].g_lut.p_q_reg[16]_i_1/O[1]
                         net (fo=1, routed)           0.000     7.185    u_mac_array/g_row[0].g_col[1].g_lut.p_q_reg[16]_i_1_n_6
    SLICE_X39Y78         FDCE                                         r  u_mac_array/g_row[0].g_col[1].g_lut.p_q_reg[16]/D
  -------------------------------------------------------------------    -------------------

                         (clock clk rise edge)        6.667     6.667 r  
                                                      0.000     6.667 r  clk (IN)
                         net (fo=849, unset)          0.924     7.591    u_mac_array/clk
    SLICE_X39Y78         FDCE                                         r  u_mac_array/g_row[0].g_col[1].g_lut.p_q_reg[16]/C
                         clock pessimism              0.000     7.591    
                         clock uncertainty           -0.035     7.556    
    SLICE_X39Y78         FDCE (Setup_fdce_C_D)        0.062     7.618    u_mac_array/g_row[0].g_col[1].g_lut.p_q_reg[16]
  -------------------------------------------------------------------
                         required time                          7.618    
                         arrival time                          -7.185    
  -------------------------------------------------------------------
                         slack                                  0.433    

Slack (MET) :             0.493ns  (required time - arrival time)
  Source:                 u_kernel_regfile/coef_reg[3][1]/C
                            (rising edge-triggered cell FDCE clocked by clk  {rise@0.000ns fall@3.333ns period=6.667ns})
  Destination:            u_mac_array/g_row[1].g_col[0].g_lut.p_q_reg[16]/D
                            (rising edge-triggered cell FDCE clocked by clk  {rise@0.000ns fall@3.333ns period=6.667ns})
  Path Group:             clk
  Path Type:              Setup (Max at Slow Process Corner)
  Requirement:            6.667ns  (clk rise@6.667ns - clk rise@0.000ns)
  Data Path Delay:        6.152ns  (logic 2.918ns (47.433%)  route 3.234ns (52.567%))
  Logic Levels:           9  (CARRY4=5 LUT3=1 LUT4=1 LUT6=2)
  Clock Path Skew:        -0.049ns (DCD - SCD + CPR)
    Destination Clock Delay (DCD):    0.924ns = ( 7.591 - 6.667 ) 
    Source Clock Delay      (SCD):    0.973ns
    Clock Pessimism Removal (CPR):    0.000ns
  Clock Uncertainty:      0.035ns  ((TSJ^2 + TIJ^2)^1/2 + DJ) / 2 + PE
    Total System Jitter     (TSJ):    0.071ns
    Total Input Jitter      (TIJ):    0.000ns
    Discrete Jitter          (DJ):    0.000ns
    Phase Error              (PE):    0.000ns

    Location             Delay type                Incr(ns)  Path(ns)    Netlist Resource(s)
  -------------------------------------------------------------------    -------------------
                         (clock clk rise edge)        0.000     0.000 r  
                                                      0.000     0.000 r  clk (IN)
                         net (fo=849, unset)          0.973     0.973    u_kernel_regfile/clk
    SLICE_X48Y84         FDCE                                         r  u_kernel_regfile/coef_reg[3][1]/C
  -------------------------------------------------------------------    -------------------
    SLICE_X48Y84         FDCE (Prop_fdce_C_Q)         0.456     1.429 r  u_kernel_regfile/coef_reg[3][1]/Q
                         net (fo=17, routed)          1.278     2.707    u_mac_array/coef[3][1]
    SLICE_X44Y80                                                      r  u_mac_array/g_row[1].g_col[0].g_lut.p_q[10]_i_13/I2
    SLICE_X44Y80         LUT6 (Prop_lut6_I2_O)        0.124     2.831 r  u_mac_array/g_row[1].g_col[0].g_lut.p_q[10]_i_13/O
                         net (fo=2, routed)           0.763     3.593    u_kernel_regfile/coef_reg[3][2]_0[2]
    SLICE_X46Y80                                                      r  u_kernel_regfile/g_row[1].g_col[0].g_lut.p_q[10]_i_17/I0
    SLICE_X46Y80         LUT6 (Prop_lut6_I0_O)        0.124     3.717 r  u_kernel_regfile/g_row[1].g_col[0].g_lut.p_q[10]_i_17/O
                         net (fo=1, routed)           0.000     3.717    u_mac_array/coef_reg[3][1][2]
    SLICE_X46Y80                                                      r  u_mac_array/g_row[1].g_col[0].g_lut.p_q_reg[10]_i_10/S[2]
    SLICE_X46Y80         CARRY4 (Prop_carry4_S[2]_CO[3])
                                                      0.380     4.097 r  u_mac_array/g_row[1].g_col[0].g_lut.p_q_reg[10]_i_10/CO[3]
                         net (fo=1, routed)           0.000     4.097    u_mac_array/g_row[1].g_col[0].g_lut.p_q_reg[10]_i_10_n_0
    SLICE_X46Y81                                                      r  u_mac_array/g_row[1].g_col[0].g_lut.p_q_reg[14]_i_10/CI
    SLICE_X46Y81         CARRY4 (Prop_carry4_CI_O[1])
                                                      0.323     4.420 r  u_mac_array/g_row[1].g_col[0].g_lut.p_q_reg[14]_i_10/O[1]
                         net (fo=2, routed)           0.504     4.924    u_mac_array/g_row[1].g_col[0].g_lut.p_q_reg[14]_i_10_n_6
    SLICE_X47Y81                                                      r  u_mac_array/g_row[1].g_col[0].g_lut.p_q[10]_i_2/I2
    SLICE_X47Y81         LUT3 (Prop_lut3_I2_O)        0.335     5.259 r  u_mac_array/g_row[1].g_col[0].g_lut.p_q[10]_i_2/O
                         net (fo=2, routed)           0.690     5.949    u_mac_array/g_row[1].g_col[0].g_lut.p_q[10]_i_2_n_0
    SLICE_X47Y81                                                      r  u_mac_array/g_row[1].g_col[0].g_lut.p_q[10]_i_6/I3
    SLICE_X47Y81         LUT4 (Prop_lut4_I3_O)        0.327     6.276 r  u_mac_array/g_row[1].g_col[0].g_lut.p_q[10]_i_6/O
                         net (fo=1, routed)           0.000     6.276    u_mac_array/g_row[1].g_col[0].g_lut.p_q[10]_i_6_n_0
    SLICE_X47Y81                                                      r  u_mac_array/g_row[1].g_col[0].g_lut.p_q_reg[10]_i_1/S[3]
    SLICE_X47Y81         CARRY4 (Prop_carry4_S[3]_CO[3])
                                                      0.401     6.677 r  u_mac_array/g_row[1].g_col[0].g_lut.p_q_reg[10]_i_1/CO[3]
                         net (fo=1, routed)           0.000     6.677    u_mac_array/g_row[1].g_col[0].g_lut.p_q_reg[10]_i_1_n_0
    SLICE_X47Y82                                                      r  u_mac_array/g_row[1].g_col[0].g_lut.p_q_reg[14]_i_1/CI
    SLICE_X47Y82         CARRY4 (Prop_carry4_CI_CO[3])
                                                      0.114     6.791 r  u_mac_array/g_row[1].g_col[0].g_lut.p_q_reg[14]_i_1/CO[3]
                         net (fo=1, routed)           0.000     6.791    u_mac_array/g_row[1].g_col[0].g_lut.p_q_reg[14]_i_1_n_0
    SLICE_X47Y83                                                      r  u_mac_array/g_row[1].g_col[0].g_lut.p_q_reg[16]_i_1/CI
    SLICE_X47Y83         CARRY4 (Prop_carry4_CI_O[1])
                                                      0.334     7.125 r  u_mac_array/g_row[1].g_col[0].g_lut.p_q_reg[16]_i_1/O[1]
                         net (fo=1, routed)           0.000     7.125    u_mac_array/g_row[1].g_col[0].g_lut.p_q_reg[16]_i_1_n_6
    SLICE_X47Y83         FDCE                                         r  u_mac_array/g_row[1].g_col[0].g_lut.p_q_reg[16]/D
  -------------------------------------------------------------------    -------------------

                         (clock clk rise edge)        6.667     6.667 r  
                                                      0.000     6.667 r  clk (IN)
                         net (fo=849, unset)          0.924     7.591    u_mac_array/clk
    SLICE_X47Y83         FDCE                                         r  u_mac_array/g_row[1].g_col[0].g_lut.p_q_reg[16]/C
                         clock pessimism              0.000     7.591    
                         clock uncertainty           -0.035     7.556    
    SLICE_X47Y83         FDCE (Setup_fdce_C_D)        0.062     7.618    u_mac_array/g_row[1].g_col[0].g_lut.p_q_reg[16]
  -------------------------------------------------------------------
                         required time                          7.618    
                         arrival time                          -7.125    
  -------------------------------------------------------------------
                         slack                                  0.493    

Slack (MET) :             0.524ns  (required time - arrival time)
  Source:                 u_kernel_regfile/coef_reg[0][2]/C
                            (rising edge-triggered cell FDCE clocked by clk  {rise@0.000ns fall@3.333ns period=6.667ns})
  Destination:            u_mac_array/g_row[0].g_col[0].g_lut.p_q_reg[16]/D
                            (rising edge-triggered cell FDCE clocked by clk  {rise@0.000ns fall@3.333ns period=6.667ns})
  Path Group:             clk
  Path Type:              Setup (Max at Slow Process Corner)
  Requirement:            6.667ns  (clk rise@6.667ns - clk rise@0.000ns)
  Data Path Delay:        6.121ns  (logic 2.944ns (48.098%)  route 3.177ns (51.902%))
  Logic Levels:           9  (CARRY4=5 LUT3=1 LUT4=1 LUT6=2)
  Clock Path Skew:        -0.049ns (DCD - SCD + CPR)
    Destination Clock Delay (DCD):    0.924ns = ( 7.591 - 6.667 ) 
    Source Clock Delay      (SCD):    0.973ns
    Clock Pessimism Removal (CPR):    0.000ns
  Clock Uncertainty:      0.035ns  ((TSJ^2 + TIJ^2)^1/2 + DJ) / 2 + PE
    Total System Jitter     (TSJ):    0.071ns
    Total Input Jitter      (TIJ):    0.000ns
    Discrete Jitter          (DJ):    0.000ns
    Phase Error              (PE):    0.000ns

    Location             Delay type                Incr(ns)  Path(ns)    Netlist Resource(s)
  -------------------------------------------------------------------    -------------------
                         (clock clk rise edge)        0.000     0.000 r  
                                                      0.000     0.000 r  clk (IN)
                         net (fo=849, unset)          0.973     0.973    u_kernel_regfile/clk
    SLICE_X44Y72         FDCE                                         r  u_kernel_regfile/coef_reg[0][2]/C
  -------------------------------------------------------------------    -------------------
    SLICE_X44Y72         FDCE (Prop_fdce_C_Q)         0.456     1.429 r  u_kernel_regfile/coef_reg[0][2]/Q
                         net (fo=18, routed)          1.234     2.663    u_mac_array/coef[0][2]
    SLICE_X47Y73                                                      r  u_mac_array/g_row[0].g_col[0].g_lut.p_q[10]_i_13/I0
    SLICE_X47Y73         LUT6 (Prop_lut6_I0_O)        0.124     2.787 r  u_mac_array/g_row[0].g_col[0].g_lut.p_q[10]_i_13/O
                         net (fo=2, routed)           0.738     3.526    u_kernel_regfile/DI[2]
    SLICE_X45Y73                                                      r  u_kernel_regfile/g_row[0].g_col[0].g_lut.p_q[10]_i_17/I0
    SLICE_X45Y73         LUT6 (Prop_lut6_I0_O)        0.124     3.650 r  u_kernel_regfile/g_row[0].g_col[0].g_lut.p_q[10]_i_17/O
                         net (fo=1, routed)           0.000     3.650    u_mac_array/coef_reg[0][1][2]
    SLICE_X45Y73                                                      r  u_mac_array/g_row[0].g_col[0].g_lut.p_q_reg[10]_i_10/S[2]
    SLICE_X45Y73         CARRY4 (Prop_carry4_S[2]_CO[3])
                                                      0.398     4.048 r  u_mac_array/g_row[0].g_col[0].g_lut.p_q_reg[10]_i_10/CO[3]
                         net (fo=1, routed)           0.000     4.048    u_mac_array/g_row[0].g_col[0].g_lut.p_q_reg[10]_i_10_n_0
    SLICE_X45Y74                                                      r  u_mac_array/g_row[0].g_col[0].g_lut.p_q_reg[14]_i_10/CI
    SLICE_X45Y74         CARRY4 (Prop_carry4_CI_O[1])
                                                      0.334     4.382 r  u_mac_array/g_row[0].g_col[0].g_lut.p_q_reg[14]_i_10/O[1]
                         net (fo=2, routed)           0.505     4.887    u_mac_array/g_row[0].g_col[0].g_lut.p_q_reg[14]_i_10_n_6
    SLICE_X44Y74                                                      r  u_mac_array/g_row[0].g_col[0].g_lut.p_q[10]_i_2/I2
    SLICE_X44Y74         LUT3 (Prop_lut3_I2_O)        0.332     5.219 r  u_mac_array/g_row[0].g_col[0].g_lut.p_q[10]_i_2/O
                         net (fo=2, routed)           0.690     5.909    u_mac_array/g_row[0].g_col[0].g_lut.p_q[10]_i_2_n_0
    SLICE_X44Y74                                                      r  u_mac_array/g_row[0].g_col[0].g_lut.p_q[10]_i_6/I3
    SLICE_X44Y74         LUT4 (Prop_lut4_I3_O)        0.327     6.236 r  u_mac_array/g_row[0].g_col[0].g_lut.p_q[10]_i_6/O
                         net (fo=1, routed)           0.000     6.236    u_mac_array/g_row[0].g_col[0].g_lut.p_q[10]_i_6_n_0
    SLICE_X44Y74                                                      r  u_mac_array/g_row[0].g_col[0].g_lut.p_q_reg[10]_i_1/S[3]
    SLICE_X44Y74         CARRY4 (Prop_carry4_S[3]_CO[3])
                                                      0.401     6.637 r  u_mac_array/g_row[0].g_col[0].g_lut.p_q_reg[10]_i_1/CO[3]
                         net (fo=1, routed)           0.009     6.646    u_mac_array/g_row[0].g_col[0].g_lut.p_q_reg[10]_i_1_n_0
    SLICE_X44Y75                                                      r  u_mac_array/g_row[0].g_col[0].g_lut.p_q_reg[14]_i_1/CI
    SLICE_X44Y75         CARRY4 (Prop_carry4_CI_CO[3])
                                                      0.114     6.760 r  u_mac_array/g_row[0].g_col[0].g_lut.p_q_reg[14]_i_1/CO[3]
                         net (fo=1, routed)           0.000     6.760    u_mac_array/g_row[0].g_col[0].g_lut.p_q_reg[14]_i_1_n_0
    SLICE_X44Y76                                                      r  u_mac_array/g_row[0].g_col[0].g_lut.p_q_reg[16]_i_1/CI
    SLICE_X44Y76         CARRY4 (Prop_carry4_CI_O[1])
                                                      0.334     7.094 r  u_mac_array/g_row[0].g_col[0].g_lut.p_q_reg[16]_i_1/O[1]
                         net (fo=1, routed)           0.000     7.094    u_mac_array/p_0_in[16]
    SLICE_X44Y76         FDCE                                         r  u_mac_array/g_row[0].g_col[0].g_lut.p_q_reg[16]/D
  -------------------------------------------------------------------    -------------------

                         (clock clk rise edge)        6.667     6.667 r  
                                                      0.000     6.667 r  clk (IN)
                         net (fo=849, unset)          0.924     7.591    u_mac_array/clk
    SLICE_X44Y76         FDCE                                         r  u_mac_array/g_row[0].g_col[0].g_lut.p_q_reg[16]/C
                         clock pessimism              0.000     7.591    
                         clock uncertainty           -0.035     7.556    
    SLICE_X44Y76         FDCE (Setup_fdce_C_D)        0.062     7.618    u_mac_array/g_row[0].g_col[0].g_lut.p_q_reg[16]
  -------------------------------------------------------------------
                         required time                          7.618    
                         arrival time                          -7.094    
  -------------------------------------------------------------------
                         slack                                  0.524    

Slack (MET) :             0.539ns  (required time - arrival time)
  Source:                 u_kernel_regfile/coef_reg[8][1]/C
                            (rising edge-triggered cell FDCE clocked by clk  {rise@0.000ns fall@3.333ns period=6.667ns})
  Destination:            u_mac_array/g_row[2].g_col[2].g_lut.p_q_reg[15]/D
                            (rising edge-triggered cell FDCE clocked by clk  {rise@0.000ns fall@3.333ns period=6.667ns})
  Path Group:             clk
  Path Type:              Setup (Max at Slow Process Corner)
  Requirement:            6.667ns  (clk rise@6.667ns - clk rise@0.000ns)
  Data Path Delay:        6.106ns  (logic 3.022ns (49.493%)  route 3.084ns (50.507%))
  Logic Levels:           9  (CARRY4=5 LUT3=1 LUT4=1 LUT6=2)
  Clock Path Skew:        -0.049ns (DCD - SCD + CPR)
    Destination Clock Delay (DCD):    0.924ns = ( 7.591 - 6.667 ) 
    Source Clock Delay      (SCD):    0.973ns
    Clock Pessimism Removal (CPR):    0.000ns
  Clock Uncertainty:      0.035ns  ((TSJ^2 + TIJ^2)^1/2 + DJ) / 2 + PE
    Total System Jitter     (TSJ):    0.071ns
    Total Input Jitter      (TIJ):    0.000ns
    Discrete Jitter          (DJ):    0.000ns
    Phase Error              (PE):    0.000ns

    Location             Delay type                Incr(ns)  Path(ns)    Netlist Resource(s)
  -------------------------------------------------------------------    -------------------
                         (clock clk rise edge)        0.000     0.000 r  
                                                      0.000     0.000 r  clk (IN)
                         net (fo=849, unset)          0.973     0.973    u_kernel_regfile/clk
    SLICE_X34Y77         FDCE                                         r  u_kernel_regfile/coef_reg[8][1]/C
  -------------------------------------------------------------------    -------------------
    SLICE_X34Y77         FDCE (Prop_fdce_C_Q)         0.518     1.491 r  u_kernel_regfile/coef_reg[8][1]/Q
                         net (fo=17, routed)          1.140     2.631    u_mac_array/coef[8][1]
    SLICE_X33Y79                                                      r  u_mac_array/g_row[2].g_col[2].g_lut.p_q[10]_i_14/I2
    SLICE_X33Y79         LUT6 (Prop_lut6_I2_O)        0.124     2.755 r  u_mac_array/g_row[2].g_col[2].g_lut.p_q[10]_i_14/O
                         net (fo=2, routed)           0.631     3.386    u_kernel_regfile/coef_reg[8][2]_0[1]
    SLICE_X34Y79                                                      r  u_kernel_regfile/g_row[2].g_col[2].g_lut.p_q[10]_i_18/I0
    SLICE_X34Y79         LUT6 (Prop_lut6_I0_O)        0.124     3.510 r  u_kernel_regfile/g_row[2].g_col[2].g_lut.p_q[10]_i_18/O
                         net (fo=1, routed)           0.000     3.510    u_mac_array/coef_reg[8][1][1]
    SLICE_X34Y79                                                      r  u_mac_array/g_row[2].g_col[2].g_lut.p_q_reg[10]_i_10/S[1]
    SLICE_X34Y79         CARRY4 (Prop_carry4_S[1]_CO[3])
                                                      0.533     4.043 r  u_mac_array/g_row[2].g_col[2].g_lut.p_q_reg[10]_i_10/CO[3]
                         net (fo=1, routed)           0.000     4.043    u_mac_array/g_row[2].g_col[2].g_lut.p_q_reg[10]_i_10_n_0
    SLICE_X34Y80                                                      r  u_mac_array/g_row[2].g_col[2].g_lut.p_q_reg[14]_i_10/CI
    SLICE_X34Y80         CARRY4 (Prop_carry4_CI_O[1])
                                                      0.323     4.366 r  u_mac_array/g_row[2].g_col[2].g_lut.p_q_reg[14]_i_10/O[1]
                         net (fo=2, routed)           0.623     4.989    u_mac_array/g_row[2].g_col[2].g_lut.p_q_reg[14]_i_10_n_6
    SLICE_X35Y80                                                      r  u_mac_array/g_row[2].g_col[2].g_lut.p_q[10]_i_2/I2
    SLICE_X35Y80         LUT3 (Prop_lut3_I2_O)        0.335     5.324 r  u_mac_array/g_row[2].g_col[2].g_lut.p_q[10]_i_2/O
                         net (fo=2, routed)           0.690     6.014    u_mac_array/g_row[2].g_col[2].g_lut.p_q[10]_i_2_n_0
    SLICE_X35Y80                                                      r  u_mac_array/g_row[2].g_col[2].g_lut.p_q[10]_i_6/I3
    SLICE_X35Y80         LUT4 (Prop_lut4_I3_O)        0.327     6.341 r  u_mac_array/g_row[2].g_col[2].g_lut.p_q[10]_i_6/O
                         net (fo=1, routed)           0.000     6.341    u_mac_array/g_row[2].g_col[2].g_lut.p_q[10]_i_6_n_0
    SLICE_X35Y80                                                      r  u_mac_array/g_row[2].g_col[2].g_lut.p_q_reg[10]_i_1/S[3]
    SLICE_X35Y80         CARRY4 (Prop_carry4_S[3]_CO[3])
                                                      0.401     6.742 r  u_mac_array/g_row[2].g_col[2].g_lut.p_q_reg[10]_i_1/CO[3]
                         net (fo=1, routed)           0.000     6.742    u_mac_array/g_row[2].g_col[2].g_lut.p_q_reg[10]_i_1_n_0
    SLICE_X35Y81                                                      r  u_mac_array/g_row[2].g_col[2].g_lut.p_q_reg[14]_i_1/CI
    SLICE_X35Y81         CARRY4 (Prop_carry4_CI_CO[3])
                                                      0.114     6.856 r  u_mac_array/g_row[2].g_col[2].g_lut.p_q_reg[14]_i_1/CO[3]
                         net (fo=1, routed)           0.000     6.856    u_mac_array/g_row[2].g_col[2].g_lut.p_q_reg[14]_i_1_n_0
    SLICE_X35Y82                                                      r  u_mac_array/g_row[2].g_col[2].g_lut.p_q_reg[16]_i_1/CI
    SLICE_X35Y82         CARRY4 (Prop_carry4_CI_O[0])
                                                      0.223     7.079 r  u_mac_array/g_row[2].g_col[2].g_lut.p_q_reg[16]_i_1/O[0]
                         net (fo=1, routed)           0.000     7.079    u_mac_array/g_row[2].g_col[2].g_lut.p_q_reg[16]_i_1_n_7
    SLICE_X35Y82         FDCE                                         r  u_mac_array/g_row[2].g_col[2].g_lut.p_q_reg[15]/D
  -------------------------------------------------------------------    -------------------

                         (clock clk rise edge)        6.667     6.667 r  
                                                      0.000     6.667 r  clk (IN)
                         net (fo=849, unset)          0.924     7.591    u_mac_array/clk
    SLICE_X35Y82         FDCE                                         r  u_mac_array/g_row[2].g_col[2].g_lut.p_q_reg[15]/C
                         clock pessimism              0.000     7.591    
                         clock uncertainty           -0.035     7.556    
    SLICE_X35Y82         FDCE (Setup_fdce_C_D)        0.062     7.618    u_mac_array/g_row[2].g_col[2].g_lut.p_q_reg[15]
  -------------------------------------------------------------------
                         required time                          7.618    
                         arrival time                          -7.079    
  -------------------------------------------------------------------
                         slack                                  0.539    

Slack (MET) :             0.542ns  (required time - arrival time)
  Source:                 u_kernel_regfile/coef_reg[8][1]/C
                            (rising edge-triggered cell FDCE clocked by clk  {rise@0.000ns fall@3.333ns period=6.667ns})
  Destination:            u_mac_array/g_row[2].g_col[2].g_lut.p_q_reg[12]/D
                            (rising edge-triggered cell FDCE clocked by clk  {rise@0.000ns fall@3.333ns period=6.667ns})
  Path Group:             clk
  Path Type:              Setup (Max at Slow Process Corner)
  Requirement:            6.667ns  (clk rise@6.667ns - clk rise@0.000ns)
  Data Path Delay:        6.103ns  (logic 3.019ns (49.468%)  route 3.084ns (50.532%))
  Logic Levels:           8  (CARRY4=4 LUT3=1 LUT4=1 LUT6=2)
  Clock Path Skew:        -0.049ns (DCD - SCD + CPR)
    Destination Clock Delay (DCD):    0.924ns = ( 7.591 - 6.667 ) 
    Source Clock Delay      (SCD):    0.973ns
    Clock Pessimism Removal (CPR):    0.000ns
  Clock Uncertainty:      0.035ns  ((TSJ^2 + TIJ^2)^1/2 + DJ) / 2 + PE
    Total System Jitter     (TSJ):    0.071ns
    Total Input Jitter      (TIJ):    0.000ns
    Discrete Jitter          (DJ):    0.000ns
    Phase Error              (PE):    0.000ns

    Location             Delay type                Incr(ns)  Path(ns)    Netlist Resource(s)
  -------------------------------------------------------------------    -------------------
                         (clock clk rise edge)        0.000     0.000 r  
                                                      0.000     0.000 r  clk (IN)
                         net (fo=849, unset)          0.973     0.973    u_kernel_regfile/clk
    SLICE_X34Y77         FDCE                                         r  u_kernel_regfile/coef_reg[8][1]/C
  -------------------------------------------------------------------    -------------------
    SLICE_X34Y77         FDCE (Prop_fdce_C_Q)         0.518     1.491 r  u_kernel_regfile/coef_reg[8][1]/Q
                         net (fo=17, routed)          1.140     2.631    u_mac_array/coef[8][1]
    SLICE_X33Y79                                                      r  u_mac_array/g_row[2].g_col[2].g_lut.p_q[10]_i_14/I2
    SLICE_X33Y79         LUT6 (Prop_lut6_I2_O)        0.124     2.755 r  u_mac_array/g_row[2].g_col[2].g_lut.p_q[10]_i_14/O
                         net (fo=2, routed)           0.631     3.386    u_kernel_regfile/coef_reg[8][2]_0[1]
    SLICE_X34Y79                                                      r  u_kernel_regfile/g_row[2].g_col[2].g_lut.p_q[10]_i_18/I0
    SLICE_X34Y79         LUT6 (Prop_lut6_I0_O)        0.124     3.510 r  u_kernel_regfile/g_row[2].g_col[2].g_lut.p_q[10]_i_18/O
                         net (fo=1, routed)           0.000     3.510    u_mac_array/coef_reg[8][1][1]
    SLICE_X34Y79                                                      r  u_mac_array/g_row[2].g_col[2].g_lut.p_q_reg[10]_i_10/S[1]
    SLICE_X34Y79         CARRY4 (Prop_carry4_S[1]_CO[3])
                                                      0.533     4.043 r  u_mac_array/g_row[2].g_col[2].g_lut.p_q_reg[10]_i_10/CO[3]
                         net (fo=1, routed)           0.000     4.043    u_mac_array/g_row[2].g_col[2].g_lut.p_q_reg[10]_i_10_n_0
    SLICE_X34Y80                                                      r  u_mac_array/g_row[2].g_col[2].g_lut.p_q_reg[14]_i_10/CI
    SLICE_X34Y80         CARRY4 (Prop_carry4_CI_O[1])
                                                      0.323     4.366 r  u_mac_array/g_row[2].g_col[2].g_lut.p_q_reg[14]_i_10/O[1]
                         net (fo=2, routed)           0.623     4.989    u_mac_array/g_row[2].g_col[2].g_lut.p_q_reg[14]_i_10_n_6
    SLICE_X35Y80                                                      r  u_mac_array/g_row[2].g_col[2].g_lut.p_q[10]_i_2/I2
    SLICE_X35Y80         LUT3 (Prop_lut3_I2_O)        0.335     5.324 r  u_mac_array/g_row[2].g_col[2].g_lut.p_q[10]_i_2/O
                         net (fo=2, routed)           0.690     6.014    u_mac_array/g_row[2].g_col[2].g_lut.p_q[10]_i_2_n_0
    SLICE_X35Y80                                                      r  u_mac_array/g_row[2].g_col[2].g_lut.p_q[10]_i_6/I3
    SLICE_X35Y80         LUT4 (Prop_lut4_I3_O)        0.327     6.341 r  u_mac_array/g_row[2].g_col[2].g_lut.p_q[10]_i_6/O
                         net (fo=1, routed)           0.000     6.341    u_mac_array/g_row[2].g_col[2].g_lut.p_q[10]_i_6_n_0
    SLICE_X35Y80                                                      r  u_mac_array/g_row[2].g_col[2].g_lut.p_q_reg[10]_i_1/S[3]
    SLICE_X35Y80         CARRY4 (Prop_carry4_S[3]_CO[3])
                                                      0.401     6.742 r  u_mac_array/g_row[2].g_col[2].g_lut.p_q_reg[10]_i_1/CO[3]
                         net (fo=1, routed)           0.000     6.742    u_mac_array/g_row[2].g_col[2].g_lut.p_q_reg[10]_i_1_n_0
    SLICE_X35Y81                                                      r  u_mac_array/g_row[2].g_col[2].g_lut.p_q_reg[14]_i_1/CI
    SLICE_X35Y81         CARRY4 (Prop_carry4_CI_O[1])
                                                      0.334     7.076 r  u_mac_array/g_row[2].g_col[2].g_lut.p_q_reg[14]_i_1/O[1]
                         net (fo=1, routed)           0.000     7.076    u_mac_array/g_row[2].g_col[2].g_lut.p_q_reg[14]_i_1_n_6
    SLICE_X35Y81         FDCE                                         r  u_mac_array/g_row[2].g_col[2].g_lut.p_q_reg[12]/D
  -------------------------------------------------------------------    -------------------

                         (clock clk rise edge)        6.667     6.667 r  
                                                      0.000     6.667 r  clk (IN)
                         net (fo=849, unset)          0.924     7.591    u_mac_array/clk
    SLICE_X35Y81         FDCE                                         r  u_mac_array/g_row[2].g_col[2].g_lut.p_q_reg[12]/C
                         clock pessimism              0.000     7.591    
                         clock uncertainty           -0.035     7.556    
    SLICE_X35Y81         FDCE (Setup_fdce_C_D)        0.062     7.618    u_mac_array/g_row[2].g_col[2].g_lut.p_q_reg[12]
  -------------------------------------------------------------------
                         required time                          7.618    
                         arrival time                          -7.076    
  -------------------------------------------------------------------
                         slack                                  0.542    

Slack (MET) :             0.544ns  (required time - arrival time)
  Source:                 u_kernel_regfile/coef_reg[1][5]/C
                            (rising edge-triggered cell FDCE clocked by clk  {rise@0.000ns fall@3.333ns period=6.667ns})
  Destination:            u_mac_array/g_row[0].g_col[1].g_lut.p_q_reg[15]/D
                            (rising edge-triggered cell FDCE clocked by clk  {rise@0.000ns fall@3.333ns period=6.667ns})
  Path Group:             clk
  Path Type:              Setup (Max at Slow Process Corner)
  Requirement:            6.667ns  (clk rise@6.667ns - clk rise@0.000ns)
  Data Path Delay:        6.101ns  (logic 2.609ns (42.766%)  route 3.492ns (57.234%))
  Logic Levels:           6  (CARRY4=3 LUT3=1 LUT4=1 LUT6=1)
  Clock Path Skew:        -0.049ns (DCD - SCD + CPR)
    Destination Clock Delay (DCD):    0.924ns = ( 7.591 - 6.667 ) 
    Source Clock Delay      (SCD):    0.973ns
    Clock Pessimism Removal (CPR):    0.000ns
  Clock Uncertainty:      0.035ns  ((TSJ^2 + TIJ^2)^1/2 + DJ) / 2 + PE
    Total System Jitter     (TSJ):    0.071ns
    Total Input Jitter      (TIJ):    0.000ns
    Discrete Jitter          (DJ):    0.000ns
    Phase Error              (PE):    0.000ns

    Location             Delay type                Incr(ns)  Path(ns)    Netlist Resource(s)
  -------------------------------------------------------------------    -------------------
                         (clock clk rise edge)        0.000     0.000 r  
                                                      0.000     0.000 r  clk (IN)
                         net (fo=849, unset)          0.973     0.973    u_kernel_regfile/clk
    SLICE_X39Y74         FDCE                                         r  u_kernel_regfile/coef_reg[1][5]/C
  -------------------------------------------------------------------    -------------------
    SLICE_X39Y74         FDCE (Prop_fdce_C_Q)         0.456     1.429 r  u_kernel_regfile/coef_reg[1][5]/Q
                         net (fo=18, routed)          1.375     2.804    u_mac_array/coef[1][5]
    SLICE_X39Y74                                                      r  u_mac_array/g_row[0].g_col[1].g_lut.p_q[14]_i_28/I0
    SLICE_X39Y74         LUT6 (Prop_lut6_I0_O)        0.124     2.928 r  u_mac_array/g_row[0].g_col[1].g_lut.p_q[14]_i_28/O
                         net (fo=2, routed)           0.625     3.552    u_mac_array/g_row[0].g_col[1].g_lut.p_q_reg[10]_1[1]
    SLICE_X38Y74                                                      r  u_mac_array/g_row[0].g_col[1].g_lut.p_q_reg[14]_i_12/DI[1]
    SLICE_X38Y74         CARRY4 (Prop_carry4_DI[1]_O[3])
                                                      0.610     4.162 r  u_mac_array/g_row[0].g_col[1].g_lut.p_q_reg[14]_i_12/O[3]
                         net (fo=2, routed)           0.847     5.009    u_mac_array/g_row[0].g_col[1].g_lut.p_q_reg[14]_i_12_n_4
    SLICE_X39Y76                                                      r  u_mac_array/g_row[0].g_col[1].g_lut.p_q[14]_i_5/I1
    SLICE_X39Y76         LUT3 (Prop_lut3_I1_O)        0.332     5.341 r  u_mac_array/g_row[0].g_col[1].g_lut.p_q[14]_i_5/O
                         net (fo=2, routed)           0.645     5.987    u_mac_array/g_row[0].g_col[1].g_lut.p_q[14]_i_5_n_0
    SLICE_X39Y77                                                      r  u_mac_array/g_row[0].g_col[1].g_lut.p_q[14]_i_9/I0
    SLICE_X39Y77         LUT4 (Prop_lut4_I0_O)        0.332     6.319 r  u_mac_array/g_row[0].g_col[1].g_lut.p_q[14]_i_9/O
                         net (fo=1, routed)           0.000     6.319    u_mac_array/g_row[0].g_col[1].g_lut.p_q[14]_i_9_n_0
    SLICE_X39Y77                                                      r  u_mac_array/g_row[0].g_col[1].g_lut.p_q_reg[14]_i_1/S[0]
    SLICE_X39Y77         CARRY4 (Prop_carry4_S[0]_CO[3])
                                                      0.532     6.851 r  u_mac_array/g_row[0].g_col[1].g_lut.p_q_reg[14]_i_1/CO[3]
                         net (fo=1, routed)           0.000     6.851    u_mac_array/g_row[0].g_col[1].g_lut.p_q_reg[14]_i_1_n_0
    SLICE_X39Y78                                                      r  u_mac_array/g_row[0].g_col[1].g_lut.p_q_reg[16]_i_1/CI
    SLICE_X39Y78         CARRY4 (Prop_carry4_CI_O[0])
                                                      0.223     7.074 r  u_mac_array/g_row[0].g_col[1].g_lut.p_q_reg[16]_i_1/O[0]
                         net (fo=1, routed)           0.000     7.074    u_mac_array/g_row[0].g_col[1].g_lut.p_q_reg[16]_i_1_n_7
    SLICE_X39Y78         FDCE                                         r  u_mac_array/g_row[0].g_col[1].g_lut.p_q_reg[15]/D
  -------------------------------------------------------------------    -------------------

                         (clock clk rise edge)        6.667     6.667 r  
                                                      0.000     6.667 r  clk (IN)
                         net (fo=849, unset)          0.924     7.591    u_mac_array/clk
    SLICE_X39Y78         FDCE                                         r  u_mac_array/g_row[0].g_col[1].g_lut.p_q_reg[15]/C
                         clock pessimism              0.000     7.591    
                         clock uncertainty           -0.035     7.556    
    SLICE_X39Y78         FDCE (Setup_fdce_C_D)        0.062     7.618    u_mac_array/g_row[0].g_col[1].g_lut.p_q_reg[15]
  -------------------------------------------------------------------
                         required time                          7.618    
                         arrival time                          -7.074    
  -------------------------------------------------------------------
                         slack                                  0.544    

Slack (MET) :             0.563ns  (required time - arrival time)
  Source:                 u_kernel_regfile/coef_reg[8][1]/C
                            (rising edge-triggered cell FDCE clocked by clk  {rise@0.000ns fall@3.333ns period=6.667ns})
  Destination:            u_mac_array/g_row[2].g_col[2].g_lut.p_q_reg[14]/D
                            (rising edge-triggered cell FDCE clocked by clk  {rise@0.000ns fall@3.333ns period=6.667ns})
  Path Group:             clk
  Path Type:              Setup (Max at Slow Process Corner)
  Requirement:            6.667ns  (clk rise@6.667ns - clk rise@0.000ns)
  Data Path Delay:        6.082ns  (logic 2.998ns (49.294%)  route 3.084ns (50.706%))
  Logic Levels:           8  (CARRY4=4 LUT3=1 LUT4=1 LUT6=2)
  Clock Path Skew:        -0.049ns (DCD - SCD + CPR)
    Destination Clock Delay (DCD):    0.924ns = ( 7.591 - 6.667 ) 
    Source Clock Delay      (SCD):    0.973ns
    Clock Pessimism Removal (CPR):    0.000ns
  Clock Uncertainty:      0.035ns  ((TSJ^2 + TIJ^2)^1/2 + DJ) / 2 + PE
    Total System Jitter     (TSJ):    0.071ns
    Total Input Jitter      (TIJ):    0.000ns
    Discrete Jitter          (DJ):    0.000ns
    Phase Error              (PE):    0.000ns

    Location             Delay type                Incr(ns)  Path(ns)    Netlist Resource(s)
  -------------------------------------------------------------------    -------------------
                         (clock clk rise edge)        0.000     0.000 r  
                                                      0.000     0.000 r  clk (IN)
                         net (fo=849, unset)          0.973     0.973    u_kernel_regfile/clk
    SLICE_X34Y77         FDCE                                         r  u_kernel_regfile/coef_reg[8][1]/C
  -------------------------------------------------------------------    -------------------
    SLICE_X34Y77         FDCE (Prop_fdce_C_Q)         0.518     1.491 r  u_kernel_regfile/coef_reg[8][1]/Q
                         net (fo=17, routed)          1.140     2.631    u_mac_array/coef[8][1]
    SLICE_X33Y79                                                      r  u_mac_array/g_row[2].g_col[2].g_lut.p_q[10]_i_14/I2
    SLICE_X33Y79         LUT6 (Prop_lut6_I2_O)        0.124     2.755 r  u_mac_array/g_row[2].g_col[2].g_lut.p_q[10]_i_14/O
                         net (fo=2, routed)           0.631     3.386    u_kernel_regfile/coef_reg[8][2]_0[1]
    SLICE_X34Y79                                                      r  u_kernel_regfile/g_row[2].g_col[2].g_lut.p_q[10]_i_18/I0
    SLICE_X34Y79         LUT6 (Prop_lut6_I0_O)        0.124     3.510 r  u_kernel_regfile/g_row[2].g_col[2].g_lut.p_q[10]_i_18/O
                         net (fo=1, routed)           0.000     3.510    u_mac_array/coef_reg[8][1][1]
    SLICE_X34Y79                                                      r  u_mac_array/g_row[2].g_col[2].g_lut.p_q_reg[10]_i_10/S[1]
    SLICE_X34Y79         CARRY4 (Prop_carry4_S[1]_CO[3])
                                                      0.533     4.043 r  u_mac_array/g_row[2].g_col[2].g_lut.p_q_reg[10]_i_10/CO[3]
                         net (fo=1, routed)           0.000     4.043    u_mac_array/g_row[2].g_col[2].g_lut.p_q_reg[10]_i_10_n_0
    SLICE_X34Y80                                                      r  u_mac_array/g_row[2].g_col[2].g_lut.p_q_reg[14]_i_10/CI
    SLICE_X34Y80         CARRY4 (Prop_carry4_CI_O[1])
                                                      0.323     4.366 r  u_mac_array/g_row[2].g_col[2].g_lut.p_q_reg[14]_i_10/O[1]
                         net (fo=2, routed)           0.623     4.989    u_mac_array/g_row[2].g_col[2].g_lut.p_q_reg[14]_i_10_n_6
    SLICE_X35Y80                                                      r  u_mac_array/g_row[2].g_col[2].g_lut.p_q[10]_i_2/I2
    SLICE_X35Y80         LUT3 (Prop_lut3_I2_O)        0.335     5.324 r  u_mac_array/g_row[2].g_col[2].g_lut.p_q[10]_i_2/O
                         net (fo=2, routed)           0.690     6.014    u_mac_array/g_row[2].g_col[2].g_lut.p_q[10]_i_2_n_0
    SLICE_X35Y80                                                      r  u_mac_array/g_row[2].g_col[2].g_lut.p_q[10]_i_6/I3
    SLICE_X35Y80         LUT4 (Prop_lut4_I3_O)        0.327     6.341 r  u_mac_array/g_row[2].g_col[2].g_lut.p_q[10]_i_6/O
                         net (fo=1, routed)           0.000     6.341    u_mac_array/g_row[2].g_col[2].g_lut.p_q[10]_i_6_n_0
    SLICE_X35Y80                                                      r  u_mac_array/g_row[2].g_col[2].g_lut.p_q_reg[10]_i_1/S[3]
    SLICE_X35Y80         CARRY4 (Prop_carry4_S[3]_CO[3])
                                                      0.401     6.742 r  u_mac_array/g_row[2].g_col[2].g_lut.p_q_reg[10]_i_1/CO[3]
                         net (fo=1, routed)           0.000     6.742    u_mac_array/g_row[2].g_col[2].g_lut.p_q_reg[10]_i_1_n_0
    SLICE_X35Y81                                                      r  u_mac_array/g_row[2].g_col[2].g_lut.p_q_reg[14]_i_1/CI
    SLICE_X35Y81         CARRY4 (Prop_carry4_CI_O[3])
                                                      0.313     7.055 r  u_mac_array/g_row[2].g_col[2].g_lut.p_q_reg[14]_i_1/O[3]
                         net (fo=1, routed)           0.000     7.055    u_mac_array/g_row[2].g_col[2].g_lut.p_q_reg[14]_i_1_n_4
    SLICE_X35Y81         FDCE                                         r  u_mac_array/g_row[2].g_col[2].g_lut.p_q_reg[14]/D
  -------------------------------------------------------------------    -------------------

                         (clock clk rise edge)        6.667     6.667 r  
                                                      0.000     6.667 r  clk (IN)
                         net (fo=849, unset)          0.924     7.591    u_mac_array/clk
    SLICE_X35Y81         FDCE                                         r  u_mac_array/g_row[2].g_col[2].g_lut.p_q_reg[14]/C
                         clock pessimism              0.000     7.591    
                         clock uncertainty           -0.035     7.556    
    SLICE_X35Y81         FDCE (Setup_fdce_C_D)        0.062     7.618    u_mac_array/g_row[2].g_col[2].g_lut.p_q_reg[14]
  -------------------------------------------------------------------
                         required time                          7.618    
                         arrival time                          -7.055    
  -------------------------------------------------------------------
                         slack                                  0.563    

Slack (MET) :             0.568ns  (required time - arrival time)
  Source:                 u_kernel_regfile/coef_reg[6][4]/C
                            (rising edge-triggered cell FDCE clocked by clk  {rise@0.000ns fall@3.333ns period=6.667ns})
  Destination:            u_mac_array/g_row[2].g_col[0].g_lut.p_q_reg[16]/D
                            (rising edge-triggered cell FDCE clocked by clk  {rise@0.000ns fall@3.333ns period=6.667ns})
  Path Group:             clk
  Path Type:              Setup (Max at Slow Process Corner)
  Requirement:            6.667ns  (clk rise@6.667ns - clk rise@0.000ns)
  Data Path Delay:        6.124ns  (logic 2.824ns (46.110%)  route 3.300ns (53.890%))
  Logic Levels:           8  (CARRY4=4 LUT3=1 LUT4=1 LUT6=2)
  Clock Path Skew:        -0.049ns (DCD - SCD + CPR)
    Destination Clock Delay (DCD):    0.924ns = ( 7.591 - 6.667 ) 
    Source Clock Delay      (SCD):    0.973ns
    Clock Pessimism Removal (CPR):    0.000ns
  Clock Uncertainty:      0.035ns  ((TSJ^2 + TIJ^2)^1/2 + DJ) / 2 + PE
    Total System Jitter     (TSJ):    0.071ns
    Total Input Jitter      (TIJ):    0.000ns
    Discrete Jitter          (DJ):    0.000ns
    Phase Error              (PE):    0.000ns

    Location             Delay type                Incr(ns)  Path(ns)    Netlist Resource(s)
  -------------------------------------------------------------------    -------------------
                         (clock clk rise edge)        0.000     0.000 r  
                                                      0.000     0.000 r  clk (IN)
                         net (fo=849, unset)          0.973     0.973    u_kernel_regfile/clk
    SLICE_X36Y91         FDCE                                         r  u_kernel_regfile/coef_reg[6][4]/C
  -------------------------------------------------------------------    -------------------
    SLICE_X36Y91         FDCE (Prop_fdce_C_Q)         0.518     1.491 r  u_kernel_regfile/coef_reg[6][4]/Q
                         net (fo=17, routed)          1.038     2.529    u_mac_array/coef[6][4]
    SLICE_X34Y90                                                      r  u_mac_array/g_row[2].g_col[0].g_lut.p_q[14]_i_28/I2
    SLICE_X34Y90         LUT6 (Prop_lut6_I2_O)        0.124     2.653 r  u_mac_array/g_row[2].g_col[0].g_lut.p_q[14]_i_28/O
                         net (fo=2, routed)           0.604     3.257    u_kernel_regfile/coef_reg[6][5]_0[1]
    SLICE_X35Y89                                                      r  u_kernel_regfile/g_row[2].g_col[0].g_lut.p_q[14]_i_32/I0
    SLICE_X35Y89         LUT6 (Prop_lut6_I0_O)        0.124     3.381 r  u_kernel_regfile/g_row[2].g_col[0].g_lut.p_q[14]_i_32/O
                         net (fo=1, routed)           0.000     3.381    u_mac_array/coef_reg[6][4][1]
    SLICE_X35Y89                                                      r  u_mac_array/g_row[2].g_col[0].g_lut.p_q_reg[14]_i_12/S[1]
    SLICE_X35Y89         CARRY4 (Prop_carry4_S[1]_O[2])
                                                      0.580     3.961 r  u_mac_array/g_row[2].g_col[0].g_lut.p_q_reg[14]_i_12/O[2]
                         net (fo=2, routed)           0.950     4.912    u_mac_array/g_row[2].g_col[0].g_lut.p_q_reg[14]_i_12_n_5
    SLICE_X34Y87                                                      r  u_mac_array/g_row[2].g_col[0].g_lut.p_q[10]_i_2/I1
    SLICE_X34Y87         LUT3 (Prop_lut3_I1_O)        0.331     5.243 r  u_mac_array/g_row[2].g_col[0].g_lut.p_q[10]_i_2/O
                         net (fo=2, routed)           0.708     5.950    u_mac_array/g_row[2].g_col[0].g_lut.p_q[10]_i_2_n_0
    SLICE_X34Y87                                                      r  u_mac_array/g_row[2].g_col[0].g_lut.p_q[10]_i_6/I3
    SLICE_X34Y87         LUT4 (Prop_lut4_I3_O)        0.331     6.281 r  u_mac_array/g_row[2].g_col[0].g_lut.p_q[10]_i_6/O
                         net (fo=1, routed)           0.000     6.281    u_mac_array/g_row[2].g_col[0].g_lut.p_q[10]_i_6_n_0
    SLICE_X34Y87                                                      r  u_mac_array/g_row[2].g_col[0].g_lut.p_q_reg[10]_i_1/S[3]
    SLICE_X34Y87         CARRY4 (Prop_carry4_S[3]_CO[3])
                                                      0.376     6.657 r  u_mac_array/g_row[2].g_col[0].g_lut.p_q_reg[10]_i_1/CO[3]
                         net (fo=1, routed)           0.000     6.657    u_mac_array/g_row[2].g_col[0].g_lut.p_q_reg[10]_i_1_n_0
    SLICE_X34Y88                                                      r  u_mac_array/g_row[2].g_col[0].g_lut.p_q_reg[14]_i_1/CI
    SLICE_X34Y88         CARRY4 (Prop_carry4_CI_CO[3])
                                                      0.117     6.774 r  u_mac_array/g_row[2].g_col[0].g_lut.p_q_reg[14]_i_1/CO[3]
                         net (fo=1, routed)           0.000     6.774    u_mac_array/g_row[2].g_col[0].g_lut.p_q_reg[14]_i_1_n_0
    SLICE_X34Y89                                                      r  u_mac_array/g_row[2].g_col[0].g_lut.p_q_reg[16]_i_1/CI
    SLICE_X34Y89         CARRY4 (Prop_carry4_CI_O[1])
                                                      0.323     7.097 r  u_mac_array/g_row[2].g_col[0].g_lut.p_q_reg[16]_i_1/O[1]
                         net (fo=1, routed)           0.000     7.097    u_mac_array/g_row[2].g_col[0].g_lut.p_q_reg[16]_i_1_n_6
    SLICE_X34Y89         FDCE                                         r  u_mac_array/g_row[2].g_col[0].g_lut.p_q_reg[16]/D
  -------------------------------------------------------------------    -------------------

                         (clock clk rise edge)        6.667     6.667 r  
                                                      0.000     6.667 r  clk (IN)
                         net (fo=849, unset)          0.924     7.591    u_mac_array/clk
    SLICE_X34Y89         FDCE                                         r  u_mac_array/g_row[2].g_col[0].g_lut.p_q_reg[16]/C
                         clock pessimism              0.000     7.591    
                         clock uncertainty           -0.035     7.556    
    SLICE_X34Y89         FDCE (Setup_fdce_C_D)        0.109     7.665    u_mac_array/g_row[2].g_col[0].g_lut.p_q_reg[16]
  -------------------------------------------------------------------
                         required time                          7.665    
                         arrival time                          -7.097    
  -------------------------------------------------------------------
                         slack                                  0.568    

Slack (MET) :             0.604ns  (required time - arrival time)
  Source:                 u_kernel_regfile/coef_reg[3][1]/C
                            (rising edge-triggered cell FDCE clocked by clk  {rise@0.000ns fall@3.333ns period=6.667ns})
  Destination:            u_mac_array/g_row[1].g_col[0].g_lut.p_q_reg[15]/D
                            (rising edge-triggered cell FDCE clocked by clk  {rise@0.000ns fall@3.333ns period=6.667ns})
  Path Group:             clk
  Path Type:              Setup (Max at Slow Process Corner)
  Requirement:            6.667ns  (clk rise@6.667ns - clk rise@0.000ns)
  Data Path Delay:        6.041ns  (logic 2.807ns (46.467%)  route 3.234ns (53.533%))
  Logic Levels:           9  (CARRY4=5 LUT3=1 LUT4=1 LUT6=2)
  Clock Path Skew:        -0.049ns (DCD - SCD + CPR)
    Destination Clock Delay (DCD):    0.924ns = ( 7.591 - 6.667 ) 
    Source Clock Delay      (SCD):    0.973ns
    Clock Pessimism Removal (CPR):    0.000ns
  Clock Uncertainty:      0.035ns  ((TSJ^2 + TIJ^2)^1/2 + DJ) / 2 + PE
    Total System Jitter     (TSJ):    0.071ns
    Total Input Jitter      (TIJ):    0.000ns
    Discrete Jitter          (DJ):    0.000ns
    Phase Error              (PE):    0.000ns

    Location             Delay type                Incr(ns)  Path(ns)    Netlist Resource(s)
  -------------------------------------------------------------------    -------------------
                         (clock clk rise edge)        0.000     0.000 r  
                                                      0.000     0.000 r  clk (IN)
                         net (fo=849, unset)          0.973     0.973    u_kernel_regfile/clk
    SLICE_X48Y84         FDCE                                         r  u_kernel_regfile/coef_reg[3][1]/C
  -------------------------------------------------------------------    -------------------
    SLICE_X48Y84         FDCE (Prop_fdce_C_Q)         0.456     1.429 r  u_kernel_regfile/coef_reg[3][1]/Q
                         net (fo=17, routed)          1.278     2.707    u_mac_array/coef[3][1]
    SLICE_X44Y80                                                      r  u_mac_array/g_row[1].g_col[0].g_lut.p_q[10]_i_13/I2
    SLICE_X44Y80         LUT6 (Prop_lut6_I2_O)        0.124     2.831 r  u_mac_array/g_row[1].g_col[0].g_lut.p_q[10]_i_13/O
                         net (fo=2, routed)           0.763     3.593    u_kernel_regfile/coef_reg[3][2]_0[2]
    SLICE_X46Y80                                                      r  u_kernel_regfile/g_row[1].g_col[0].g_lut.p_q[10]_i_17/I0
    SLICE_X46Y80         LUT6 (Prop_lut6_I0_O)        0.124     3.717 r  u_kernel_regfile/g_row[1].g_col[0].g_lut.p_q[10]_i_17/O
                         net (fo=1, routed)           0.000     3.717    u_mac_array/coef_reg[3][1][2]
    SLICE_X46Y80                                                      r  u_mac_array/g_row[1].g_col[0].g_lut.p_q_reg[10]_i_10/S[2]
    SLICE_X46Y80         CARRY4 (Prop_carry4_S[2]_CO[3])
                                                      0.380     4.097 r  u_mac_array/g_row[1].g_col[0].g_lut.p_q_reg[10]_i_10/CO[3]
                         net (fo=1, routed)           0.000     4.097    u_mac_array/g_row[1].g_col[0].g_lut.p_q_reg[10]_i_10_n_0
    SLICE_X46Y81                                                      r  u_mac_array/g_row[1].g_col[0].g_lut.p_q_reg[14]_i_10/CI
    SLICE_X46Y81         CARRY4 (Prop_carry4_CI_O[1])
                                                      0.323     4.420 r  u_mac_array/g_row[1].g_col[0].g_lut.p_q_reg[14]_i_10/O[1]
                         net (fo=2, routed)           0.504     4.924    u_mac_array/g_row[1].g_col[0].g_lut.p_q_reg[14]_i_10_n_6
    SLICE_X47Y81                                                      r  u_mac_array/g_row[1].g_col[0].g_lut.p_q[10]_i_2/I2
    SLICE_X47Y81         LUT3 (Prop_lut3_I2_O)        0.335     5.259 r  u_mac_array/g_row[1].g_col[0].g_lut.p_q[10]_i_2/O
                         net (fo=2, routed)           0.690     5.949    u_mac_array/g_row[1].g_col[0].g_lut.p_q[10]_i_2_n_0
    SLICE_X47Y81                                                      r  u_mac_array/g_row[1].g_col[0].g_lut.p_q[10]_i_6/I3
    SLICE_X47Y81         LUT4 (Prop_lut4_I3_O)        0.327     6.276 r  u_mac_array/g_row[1].g_col[0].g_lut.p_q[10]_i_6/O
                         net (fo=1, routed)           0.000     6.276    u_mac_array/g_row[1].g_col[0].g_lut.p_q[10]_i_6_n_0
    SLICE_X47Y81                                                      r  u_mac_array/g_row[1].g_col[0].g_lut.p_q_reg[10]_i_1/S[3]
    SLICE_X47Y81         CARRY4 (Prop_carry4_S[3]_CO[3])
                                                      0.401     6.677 r  u_mac_array/g_row[1].g_col[0].g_lut.p_q_reg[10]_i_1/CO[3]
                         net (fo=1, routed)           0.000     6.677    u_mac_array/g_row[1].g_col[0].g_lut.p_q_reg[10]_i_1_n_0
    SLICE_X47Y82                                                      r  u_mac_array/g_row[1].g_col[0].g_lut.p_q_reg[14]_i_1/CI
    SLICE_X47Y82         CARRY4 (Prop_carry4_CI_CO[3])
                                                      0.114     6.791 r  u_mac_array/g_row[1].g_col[0].g_lut.p_q_reg[14]_i_1/CO[3]
                         net (fo=1, routed)           0.000     6.791    u_mac_array/g_row[1].g_col[0].g_lut.p_q_reg[14]_i_1_n_0
    SLICE_X47Y83                                                      r  u_mac_array/g_row[1].g_col[0].g_lut.p_q_reg[16]_i_1/CI
    SLICE_X47Y83         CARRY4 (Prop_carry4_CI_O[0])
                                                      0.223     7.014 r  u_mac_array/g_row[1].g_col[0].g_lut.p_q_reg[16]_i_1/O[0]
                         net (fo=1, routed)           0.000     7.014    u_mac_array/g_row[1].g_col[0].g_lut.p_q_reg[16]_i_1_n_7
    SLICE_X47Y83         FDCE                                         r  u_mac_array/g_row[1].g_col[0].g_lut.p_q_reg[15]/D
  -------------------------------------------------------------------    -------------------

                         (clock clk rise edge)        6.667     6.667 r  
                                                      0.000     6.667 r  clk (IN)
                         net (fo=849, unset)          0.924     7.591    u_mac_array/clk
    SLICE_X47Y83         FDCE                                         r  u_mac_array/g_row[1].g_col[0].g_lut.p_q_reg[15]/C
                         clock pessimism              0.000     7.591    
                         clock uncertainty           -0.035     7.556    
    SLICE_X47Y83         FDCE (Setup_fdce_C_D)        0.062     7.618    u_mac_array/g_row[1].g_col[0].g_lut.p_q_reg[15]
  -------------------------------------------------------------------
                         required time                          7.618    
                         arrival time                          -7.014    
  -------------------------------------------------------------------
                         slack                                  0.604    





Min Delay Paths
--------------------------------------------------------------------------------------
Slack (MET) :             0.124ns  (arrival time - required time)
  Source:                 u_kernel_regfile/bank_reg[3][0][6]/C
                            (rising edge-triggered cell FDCE clocked by clk  {rise@0.000ns fall@3.333ns period=6.667ns})
  Destination:            u_kernel_regfile/coef_reg[0][6]/D
                            (rising edge-triggered cell FDCE clocked by clk  {rise@0.000ns fall@3.333ns period=6.667ns})
  Path Group:             clk
  Path Type:              Hold (Min at Fast Process Corner)
  Requirement:            0.000ns  (clk rise@0.000ns - clk rise@0.000ns)
  Data Path Delay:        0.266ns  (logic 0.186ns (69.897%)  route 0.080ns (30.103%))
  Logic Levels:           1  (LUT6=1)
  Clock Path Skew:        0.022ns (DCD - SCD - CPR)
    Destination Clock Delay (DCD):    0.432ns
    Source Clock Delay      (SCD):    0.410ns
    Clock Pessimism Removal (CPR):    -0.000ns

    Location             Delay type                Incr(ns)  Path(ns)    Netlist Resource(s)
  -------------------------------------------------------------------    -------------------
                         (clock clk rise edge)        0.000     0.000 r  
                                                      0.000     0.000 r  clk (IN)
                         net (fo=849, unset)          0.410     0.410    u_kernel_regfile/clk
    SLICE_X47Y76         FDCE                                         r  u_kernel_regfile/bank_reg[3][0][6]/C
  -------------------------------------------------------------------    -------------------
    SLICE_X47Y76         FDCE (Prop_fdce_C_Q)         0.141     0.551 r  u_kernel_regfile/bank_reg[3][0][6]/Q
                         net (fo=1, routed)           0.080     0.631    u_kernel_regfile/bank_reg[3][0]_0[6]
    SLICE_X46Y76                                                      r  u_kernel_regfile/coef[0][6]_i_1/I2
    SLICE_X46Y76         LUT6 (Prop_lut6_I2_O)        0.045     0.676 r  u_kernel_regfile/coef[0][6]_i_1/O
                         net (fo=1, routed)           0.000     0.676    u_kernel_regfile/p_0_in[6]
    SLICE_X46Y76         FDCE                                         r  u_kernel_regfile/coef_reg[0][6]/D
  -------------------------------------------------------------------    -------------------

                         (clock clk rise edge)        0.000     0.000 r  
                                                      0.000     0.000 r  clk (IN)
                         net (fo=849, unset)          0.432     0.432    u_kernel_regfile/clk
    SLICE_X46Y76         FDCE                                         r  u_kernel_regfile/coef_reg[0][6]/C
                         clock pessimism              0.000     0.432    
    SLICE_X46Y76         FDCE (Hold_fdce_C_D)         0.121     0.553    u_kernel_regfile/coef_reg[0][6]
  -------------------------------------------------------------------
                         required time                         -0.553    
                         arrival time                           0.676    
  -------------------------------------------------------------------
                         slack                                  0.124    

Slack (MET) :             0.132ns  (arrival time - required time)
  Source:                 u_kernel_regfile/bank_reg[1][4][3]/C
                            (rising edge-triggered cell FDCE clocked by clk  {rise@0.000ns fall@3.333ns period=6.667ns})
  Destination:            u_kernel_regfile/coef_reg[4][3]/D
                            (rising edge-triggered cell FDCE clocked by clk  {rise@0.000ns fall@3.333ns period=6.667ns})
  Path Group:             clk
  Path Type:              Hold (Min at Fast Process Corner)
  Requirement:            0.000ns  (clk rise@0.000ns - clk rise@0.000ns)
  Data Path Delay:        0.273ns  (logic 0.186ns (68.106%)  route 0.087ns (31.894%))
  Logic Levels:           1  (LUT6=1)
  Clock Path Skew:        0.022ns (DCD - SCD - CPR)
    Destination Clock Delay (DCD):    0.432ns
    Source Clock Delay      (SCD):    0.410ns
    Clock Pessimism Removal (CPR):    -0.000ns

    Location             Delay type                Incr(ns)  Path(ns)    Netlist Resource(s)
  -------------------------------------------------------------------    -------------------
                         (clock clk rise edge)        0.000     0.000 r  
                                                      0.000     0.000 r  clk (IN)
                         net (fo=849, unset)          0.410     0.410    u_kernel_regfile/clk
    SLICE_X47Y88         FDCE                                         r  u_kernel_regfile/bank_reg[1][4][3]/C
  -------------------------------------------------------------------    -------------------
    SLICE_X47Y88         FDCE (Prop_fdce_C_Q)         0.141     0.551 r  u_kernel_regfile/bank_reg[1][4][3]/Q
                         net (fo=1, routed)           0.087     0.638    u_kernel_regfile/bank_reg[1][4]_18[3]
    SLICE_X46Y88                                                      r  u_kernel_regfile/coef[4][3]_i_1/I0
    SLICE_X46Y88         LUT6 (Prop_lut6_I0_O)        0.045     0.683 r  u_kernel_regfile/coef[4][3]_i_1/O
                         net (fo=1, routed)           0.000     0.683    u_kernel_regfile/coef[4][3]_i_1_n_0
    SLICE_X46Y88         FDCE                                         r  u_kernel_regfile/coef_reg[4][3]/D
  -------------------------------------------------------------------    -------------------

                         (clock clk rise edge)        0.000     0.000 r  
                                                      0.000     0.000 r  clk (IN)
                         net (fo=849, unset)          0.432     0.432    u_kernel_regfile/clk
    SLICE_X46Y88         FDCE                                         r  u_kernel_regfile/coef_reg[4][3]/C
                         clock pessimism              0.000     0.432    
    SLICE_X46Y88         FDCE (Hold_fdce_C_D)         0.120     0.552    u_kernel_regfile/coef_reg[4][3]
  -------------------------------------------------------------------
                         required time                         -0.552    
                         arrival time                           0.683    
  -------------------------------------------------------------------
                         slack                                  0.132    

Slack (MET) :             0.132ns  (arrival time - required time)
  Source:                 u_kernel_regfile/bank_reg[3][6][3]/C
                            (rising edge-triggered cell FDCE clocked by clk  {rise@0.000ns fall@3.333ns period=6.667ns})
  Destination:            u_kernel_regfile/coef_reg[6][3]/D
                            (rising edge-triggered cell FDCE clocked by clk  {rise@0.000ns fall@3.333ns period=6.667ns})
  Path Group:             clk
  Path Type:              Hold (Min at Fast Process Corner)
  Requirement:            0.000ns  (clk rise@0.000ns - clk rise@0.000ns)
  Data Path Delay:        0.273ns  (logic 0.186ns (68.106%)  route 0.087ns (31.894%))
  Logic Levels:           1  (LUT6=1)
  Clock Path Skew:        0.022ns (DCD - SCD - CPR)
    Destination Clock Delay (DCD):    0.432ns
    Source Clock Delay      (SCD):    0.410ns
    Clock Pessimism Removal (CPR):    -0.000ns

    Location             Delay type                Incr(ns)  Path(ns)    Netlist Resource(s)
  -------------------------------------------------------------------    -------------------
                         (clock clk rise edge)        0.000     0.000 r  
                                                      0.000     0.000 r  clk (IN)
                         net (fo=849, unset)          0.410     0.410    u_kernel_regfile/clk
    SLICE_X37Y91         FDCE                                         r  u_kernel_regfile/bank_reg[3][6][3]/C
  -------------------------------------------------------------------    -------------------
    SLICE_X37Y91         FDCE (Prop_fdce_C_Q)         0.141     0.551 r  u_kernel_regfile/bank_reg[3][6][3]/Q
                         net (fo=1, routed)           0.087     0.638    u_kernel_regfile/bank_reg[3][6]_24[3]
    SLICE_X36Y91                                                      r  u_kernel_regfile/coef[6][3]_i_1/I2
    SLICE_X36Y91         LUT6 (Prop_lut6_I2_O)        0.045     0.683 r  u_kernel_regfile/coef[6][3]_i_1/O
                         net (fo=1, routed)           0.000     0.683    u_kernel_regfile/coef[6][3]_i_1_n_0
    SLICE_X36Y91         FDCE                                         r  u_kernel_regfile/coef_reg[6][3]/D
  -------------------------------------------------------------------    -------------------

                         (clock clk rise edge)        0.000     0.000 r  
                                                      0.000     0.000 r  clk (IN)
                         net (fo=849, unset)          0.432     0.432    u_kernel_regfile/clk
    SLICE_X36Y91         FDCE                                         r  u_kernel_regfile/coef_reg[6][3]/C
                         clock pessimism              0.000     0.432    
    SLICE_X36Y91         FDCE (Hold_fdce_C_D)         0.120     0.552    u_kernel_regfile/coef_reg[6][3]
  -------------------------------------------------------------------
                         required time                         -0.552    
                         arrival time                           0.683    
  -------------------------------------------------------------------
                         slack                                  0.132    

Slack (MET) :             0.132ns  (arrival time - required time)
  Source:                 u_kernel_regfile/bank_reg[0][8][1]/C
                            (rising edge-triggered cell FDCE clocked by clk  {rise@0.000ns fall@3.333ns period=6.667ns})
  Destination:            u_kernel_regfile/coef_reg[8][1]/D
                            (rising edge-triggered cell FDCE clocked by clk  {rise@0.000ns fall@3.333ns period=6.667ns})
  Path Group:             clk
  Path Type:              Hold (Min at Fast Process Corner)
  Requirement:            0.000ns  (clk rise@0.000ns - clk rise@0.000ns)
  Data Path Delay:        0.273ns  (logic 0.186ns (68.106%)  route 0.087ns (31.894%))
  Logic Levels:           1  (LUT6=1)
  Clock Path Skew:        0.022ns (DCD - SCD - CPR)
    Destination Clock Delay (DCD):    0.432ns
    Source Clock Delay      (SCD):    0.410ns
    Clock Pessimism Removal (CPR):    -0.000ns

    Location             Delay type                Incr(ns)  Path(ns)    Netlist Resource(s)
  -------------------------------------------------------------------    -------------------
                         (clock clk rise edge)        0.000     0.000 r  
                                                      0.000     0.000 r  clk (IN)
                         net (fo=849, unset)          0.410     0.410    u_kernel_regfile/clk
    SLICE_X35Y77         FDCE                                         r  u_kernel_regfile/bank_reg[0][8][1]/C
  -------------------------------------------------------------------    -------------------
    SLICE_X35Y77         FDCE (Prop_fdce_C_Q)         0.141     0.551 r  u_kernel_regfile/bank_reg[0][8][1]/Q
                         net (fo=1, routed)           0.087     0.638    u_kernel_regfile/bank_reg[0][8]_35[1]
    SLICE_X34Y77                                                      r  u_kernel_regfile/coef[8][1]_i_1/I1
    SLICE_X34Y77         LUT6 (Prop_lut6_I1_O)        0.045     0.683 r  u_kernel_regfile/coef[8][1]_i_1/O
                         net (fo=1, routed)           0.000     0.683    u_kernel_regfile/coef[8][1]_i_1_n_0
    SLICE_X34Y77         FDCE                                         r  u_kernel_regfile/coef_reg[8][1]/D
  -------------------------------------------------------------------    -------------------

                         (clock clk rise edge)        0.000     0.000 r  
                                                      0.000     0.000 r  clk (IN)
                         net (fo=849, unset)          0.432     0.432    u_kernel_regfile/clk
    SLICE_X34Y77         FDCE                                         r  u_kernel_regfile/coef_reg[8][1]/C
                         clock pessimism              0.000     0.432    
    SLICE_X34Y77         FDCE (Hold_fdce_C_D)         0.120     0.552    u_kernel_regfile/coef_reg[8][1]
  -------------------------------------------------------------------
                         required time                         -0.552    
                         arrival time                           0.683    
  -------------------------------------------------------------------
                         slack                                  0.132    

Slack (MET) :             0.133ns  (arrival time - required time)
  Source:                 u_kernel_regfile/bank_reg[3][6][6]/C
                            (rising edge-triggered cell FDCE clocked by clk  {rise@0.000ns fall@3.333ns period=6.667ns})
  Destination:            u_kernel_regfile/coef_reg[6][6]/D
                            (rising edge-triggered cell FDCE clocked by clk  {rise@0.000ns fall@3.333ns period=6.667ns})
  Path Group:             clk
  Path Type:              Hold (Min at Fast Process Corner)
  Requirement:            0.000ns  (clk rise@0.000ns - clk rise@0.000ns)
  Data Path Delay:        0.275ns  (logic 0.186ns (67.611%)  route 0.089ns (32.389%))
  Logic Levels:           1  (LUT6=1)
  Clock Path Skew:        0.022ns (DCD - SCD - CPR)
    Destination Clock Delay (DCD):    0.432ns
    Source Clock Delay      (SCD):    0.410ns
    Clock Pessimism Removal (CPR):    -0.000ns

    Location             Delay type                Incr(ns)  Path(ns)    Netlist Resource(s)
  -------------------------------------------------------------------    -------------------
                         (clock clk rise edge)        0.000     0.000 r  
                                                      0.000     0.000 r  clk (IN)
                         net (fo=849, unset)          0.410     0.410    u_kernel_regfile/clk
    SLICE_X37Y91         FDCE                                         r  u_kernel_regfile/bank_reg[3][6][6]/C
  -------------------------------------------------------------------    -------------------
    SLICE_X37Y91         FDCE (Prop_fdce_C_Q)         0.141     0.551 r  u_kernel_regfile/bank_reg[3][6][6]/Q
                         net (fo=1, routed)           0.089     0.640    u_kernel_regfile/bank_reg[3][6]_24[6]
    SLICE_X36Y91                                                      r  u_kernel_regfile/coef[6][6]_i_1/I2
    SLICE_X36Y91         LUT6 (Prop_lut6_I2_O)        0.045     0.685 r  u_kernel_regfile/coef[6][6]_i_1/O
                         net (fo=1, routed)           0.000     0.685    u_kernel_regfile/coef[6][6]_i_1_n_0
    SLICE_X36Y91         FDCE                                         r  u_kernel_regfile/coef_reg[6][6]/D
  -------------------------------------------------------------------    -------------------

                         (clock clk rise edge)        0.000     0.000 r  
                                                      0.000     0.000 r  clk (IN)
                         net (fo=849, unset)          0.432     0.432    u_kernel_regfile/clk
    SLICE_X36Y91         FDCE                                         r  u_kernel_regfile/coef_reg[6][6]/C
                         clock pessimism              0.000     0.432    
    SLICE_X36Y91         FDCE (Hold_fdce_C_D)         0.121     0.553    u_kernel_regfile/coef_reg[6][6]
  -------------------------------------------------------------------
                         required time                         -0.553    
                         arrival time                           0.685    
  -------------------------------------------------------------------
                         slack                                  0.133    

Slack (MET) :             0.141ns  (arrival time - required time)
  Source:                 u_kernel_regfile/bank_reg[2][4][7]/C
                            (rising edge-triggered cell FDCE clocked by clk  {rise@0.000ns fall@3.333ns period=6.667ns})
  Destination:            u_kernel_regfile/coef_reg[4][7]/D
                            (rising edge-triggered cell FDCE clocked by clk  {rise@0.000ns fall@3.333ns period=6.667ns})
  Path Group:             clk
  Path Type:              Hold (Min at Fast Process Corner)
  Requirement:            0.000ns  (clk rise@0.000ns - clk rise@0.000ns)
  Data Path Delay:        0.283ns  (logic 0.186ns (65.684%)  route 0.097ns (34.316%))
  Logic Levels:           1  (LUT6=1)
  Clock Path Skew:        0.022ns (DCD - SCD - CPR)
    Destination Clock Delay (DCD):    0.432ns
    Source Clock Delay      (SCD):    0.410ns
    Clock Pessimism Removal (CPR):    -0.000ns

    Location             Delay type                Incr(ns)  Path(ns)    Netlist Resource(s)
  -------------------------------------------------------------------    -------------------
                         (clock clk rise edge)        0.000     0.000 r  
                                                      0.000     0.000 r  clk (IN)
                         net (fo=849, unset)          0.410     0.410    u_kernel_regfile/clk
    SLICE_X45Y88         FDCE                                         r  u_kernel_regfile/bank_reg[2][4][7]/C
  -------------------------------------------------------------------    -------------------
    SLICE_X45Y88         FDCE (Prop_fdce_C_Q)         0.141     0.551 r  u_kernel_regfile/bank_reg[2][4][7]/Q
                         net (fo=1, routed)           0.097     0.648    u_kernel_regfile/bank_reg[2][4]_17[7]
    SLICE_X46Y88                                                      r  u_kernel_regfile/coef[4][7]_i_1/I5
    SLICE_X46Y88         LUT6 (Prop_lut6_I5_O)        0.045     0.693 r  u_kernel_regfile/coef[4][7]_i_1/O
                         net (fo=1, routed)           0.000     0.693    u_kernel_regfile/coef[4][7]_i_1_n_0
    SLICE_X46Y88         FDCE                                         r  u_kernel_regfile/coef_reg[4][7]/D
  -------------------------------------------------------------------    -------------------

                         (clock clk rise edge)        0.000     0.000 r  
                                                      0.000     0.000 r  clk (IN)
                         net (fo=849, unset)          0.432     0.432    u_kernel_regfile/clk
    SLICE_X46Y88         FDCE                                         r  u_kernel_regfile/coef_reg[4][7]/C
                         clock pessimism              0.000     0.432    
    SLICE_X46Y88         FDCE (Hold_fdce_C_D)         0.121     0.553    u_kernel_regfile/coef_reg[4][7]
  -------------------------------------------------------------------
                         required time                         -0.553    
                         arrival time                           0.693    
  -------------------------------------------------------------------
                         slack                                  0.141    

Slack (MET) :             0.147ns  (arrival time - required time)
  Source:                 u_kernel_regfile/bank_reg[3][7][6]/C
                            (rising edge-triggered cell FDCE clocked by clk  {rise@0.000ns fall@3.333ns period=6.667ns})
  Destination:            u_kernel_regfile/coef_reg[7][6]/D
                            (rising edge-triggered cell FDCE clocked by clk  {rise@0.000ns fall@3.333ns period=6.667ns})
  Path Group:             clk
  Path Type:              Hold (Min at Fast Process Corner)
  Requirement:            0.000ns  (clk rise@0.000ns - clk rise@0.000ns)
  Data Path Delay:        0.288ns  (logic 0.186ns (64.545%)  route 0.102ns (35.455%))
  Logic Levels:           1  (LUT6=1)
  Clock Path Skew:        0.022ns (DCD - SCD - CPR)
    Destination Clock Delay (DCD):    0.432ns
    Source Clock Delay      (SCD):    0.410ns
    Clock Pessimism Removal (CPR):    -0.000ns

    Location             Delay type                Incr(ns)  Path(ns)    Netlist Resource(s)
  -------------------------------------------------------------------    -------------------
                         (clock clk rise edge)        0.000     0.000 r  
                                                      0.000     0.000 r  clk (IN)
                         net (fo=849, unset)          0.410     0.410    u_kernel_regfile/clk
    SLICE_X29Y87         FDCE                                         r  u_kernel_regfile/bank_reg[3][7][6]/C
  -------------------------------------------------------------------    -------------------
    SLICE_X29Y87         FDCE (Prop_fdce_C_Q)         0.141     0.551 r  u_kernel_regfile/bank_reg[3][7][6]/Q
                         net (fo=1, routed)           0.102     0.653    u_kernel_regfile/bank_reg[3][7]_28[6]
    SLICE_X30Y87                                                      r  u_kernel_regfile/coef[7][6]_i_1/I2
    SLICE_X30Y87         LUT6 (Prop_lut6_I2_O)        0.045     0.698 r  u_kernel_regfile/coef[7][6]_i_1/O
                         net (fo=1, routed)           0.000     0.698    u_kernel_regfile/coef[7][6]_i_1_n_0
    SLICE_X30Y87         FDCE                                         r  u_kernel_regfile/coef_reg[7][6]/D
  -------------------------------------------------------------------    -------------------

                         (clock clk rise edge)        0.000     0.000 r  
                                                      0.000     0.000 r  clk (IN)
                         net (fo=849, unset)          0.432     0.432    u_kernel_regfile/clk
    SLICE_X30Y87         FDCE                                         r  u_kernel_regfile/coef_reg[7][6]/C
                         clock pessimism              0.000     0.432    
    SLICE_X30Y87         FDCE (Hold_fdce_C_D)         0.120     0.552    u_kernel_regfile/coef_reg[7][6]
  -------------------------------------------------------------------
                         required time                         -0.552    
                         arrival time                           0.698    
  -------------------------------------------------------------------
                         slack                                  0.147    

Slack (MET) :             0.148ns  (arrival time - required time)
  Source:                 u_kernel_regfile/bank_reg[3][1][2]/C
                            (rising edge-triggered cell FDCE clocked by clk  {rise@0.000ns fall@3.333ns period=6.667ns})
  Destination:            u_kernel_regfile/coef_reg[1][2]/D
                            (rising edge-triggered cell FDCE clocked by clk  {rise@0.000ns fall@3.333ns period=6.667ns})
  Path Group:             clk
  Path Type:              Hold (Min at Fast Process Corner)
  Requirement:            0.000ns  (clk rise@0.000ns - clk rise@0.000ns)
  Data Path Delay:        0.260ns  (logic 0.209ns (80.352%)  route 0.051ns (19.648%))
  Logic Levels:           1  (LUT6=1)
  Clock Path Skew:        0.022ns (DCD - SCD - CPR)
    Destination Clock Delay (DCD):    0.432ns
    Source Clock Delay      (SCD):    0.410ns
    Clock Pessimism Removal (CPR):    -0.000ns

    Location             Delay type                Incr(ns)  Path(ns)    Netlist Resource(s)
  -------------------------------------------------------------------    -------------------
                         (clock clk rise edge)        0.000     0.000 r  
                                                      0.000     0.000 r  clk (IN)
                         net (fo=849, unset)          0.410     0.410    u_kernel_regfile/clk
    SLICE_X36Y75         FDCE                                         r  u_kernel_regfile/bank_reg[3][1][2]/C
  -------------------------------------------------------------------    -------------------
    SLICE_X36Y75         FDCE (Prop_fdce_C_Q)         0.164     0.574 r  u_kernel_regfile/bank_reg[3][1][2]/Q
                         net (fo=1, routed)           0.051     0.625    u_kernel_regfile/bank_reg[3][1]_4[2]
    SLICE_X37Y75                                                      r  u_kernel_regfile/coef[1][2]_i_1/I2
    SLICE_X37Y75         LUT6 (Prop_lut6_I2_O)        0.045     0.670 r  u_kernel_regfile/coef[1][2]_i_1/O
                         net (fo=1, routed)           0.000     0.670    u_kernel_regfile/coef[1][2]_i_1_n_0
    SLICE_X37Y75         FDCE                                         r  u_kernel_regfile/coef_reg[1][2]/D
  -------------------------------------------------------------------    -------------------

                         (clock clk rise edge)        0.000     0.000 r  
                                                      0.000     0.000 r  clk (IN)
                         net (fo=849, unset)          0.432     0.432    u_kernel_regfile/clk
    SLICE_X37Y75         FDCE                                         r  u_kernel_regfile/coef_reg[1][2]/C
                         clock pessimism              0.000     0.432    
    SLICE_X37Y75         FDCE (Hold_fdce_C_D)         0.091     0.523    u_kernel_regfile/coef_reg[1][2]
  -------------------------------------------------------------------
                         required time                         -0.523    
                         arrival time                           0.670    
  -------------------------------------------------------------------
                         slack                                  0.148    

Slack (MET) :             0.148ns  (arrival time - required time)
  Source:                 u_kernel_regfile/bank_reg[0][6][5]/C
                            (rising edge-triggered cell FDCE clocked by clk  {rise@0.000ns fall@3.333ns period=6.667ns})
  Destination:            u_kernel_regfile/coef_reg[6][5]/D
                            (rising edge-triggered cell FDCE clocked by clk  {rise@0.000ns fall@3.333ns period=6.667ns})
  Path Group:             clk
  Path Type:              Hold (Min at Fast Process Corner)
  Requirement:            0.000ns  (clk rise@0.000ns - clk rise@0.000ns)
  Data Path Delay:        0.260ns  (logic 0.209ns (80.352%)  route 0.051ns (19.648%))
  Logic Levels:           1  (LUT6=1)
  Clock Path Skew:        0.022ns (DCD - SCD - CPR)
    Destination Clock Delay (DCD):    0.432ns
    Source Clock Delay      (SCD):    0.410ns
    Clock Pessimism Removal (CPR):    -0.000ns

    Location             Delay type                Incr(ns)  Path(ns)    Netlist Resource(s)
  -------------------------------------------------------------------    -------------------
                         (clock clk rise edge)        0.000     0.000 r  
                                                      0.000     0.000 r  clk (IN)
                         net (fo=849, unset)          0.410     0.410    u_kernel_regfile/clk
    SLICE_X36Y90         FDCE                                         r  u_kernel_regfile/bank_reg[0][6][5]/C
  -------------------------------------------------------------------    -------------------
    SLICE_X36Y90         FDCE (Prop_fdce_C_Q)         0.164     0.574 r  u_kernel_regfile/bank_reg[0][6][5]/Q
                         net (fo=1, routed)           0.051     0.625    u_kernel_regfile/bank_reg[0][6]_27[5]
    SLICE_X37Y90                                                      r  u_kernel_regfile/coef[6][5]_i_1/I1
    SLICE_X37Y90         LUT6 (Prop_lut6_I1_O)        0.045     0.670 r  u_kernel_regfile/coef[6][5]_i_1/O
                         net (fo=1, routed)           0.000     0.670    u_kernel_regfile/coef[6][5]_i_1_n_0
    SLICE_X37Y90         FDCE                                         r  u_kernel_regfile/coef_reg[6][5]/D
  -------------------------------------------------------------------    -------------------

                         (clock clk rise edge)        0.000     0.000 r  
                                                      0.000     0.000 r  clk (IN)
                         net (fo=849, unset)          0.432     0.432    u_kernel_regfile/clk
    SLICE_X37Y90         FDCE                                         r  u_kernel_regfile/coef_reg[6][5]/C
                         clock pessimism              0.000     0.432    
    SLICE_X37Y90         FDCE (Hold_fdce_C_D)         0.091     0.523    u_kernel_regfile/coef_reg[6][5]
  -------------------------------------------------------------------
                         required time                         -0.523    
                         arrival time                           0.670    
  -------------------------------------------------------------------
                         slack                                  0.148    

Slack (MET) :             0.157ns  (arrival time - required time)
  Source:                 u_kernel_regfile/bank_reg[0][6][1]/C
                            (rising edge-triggered cell FDCE clocked by clk  {rise@0.000ns fall@3.333ns period=6.667ns})
  Destination:            u_kernel_regfile/coef_reg[6][1]/D
                            (rising edge-triggered cell FDCE clocked by clk  {rise@0.000ns fall@3.333ns period=6.667ns})
  Path Group:             clk
  Path Type:              Hold (Min at Fast Process Corner)
  Requirement:            0.000ns  (clk rise@0.000ns - clk rise@0.000ns)
  Data Path Delay:        0.299ns  (logic 0.186ns (62.134%)  route 0.113ns (37.866%))
  Logic Levels:           1  (LUT6=1)
  Clock Path Skew:        0.022ns (DCD - SCD - CPR)
    Destination Clock Delay (DCD):    0.432ns
    Source Clock Delay      (SCD):    0.410ns
    Clock Pessimism Removal (CPR):    -0.000ns

    Location             Delay type                Incr(ns)  Path(ns)    Netlist Resource(s)
  -------------------------------------------------------------------    -------------------
                         (clock clk rise edge)        0.000     0.000 r  
                                                      0.000     0.000 r  clk (IN)
                         net (fo=849, unset)          0.410     0.410    u_kernel_regfile/clk
    SLICE_X35Y90         FDCE                                         r  u_kernel_regfile/bank_reg[0][6][1]/C
  -------------------------------------------------------------------    -------------------
    SLICE_X35Y90         FDCE (Prop_fdce_C_Q)         0.141     0.551 r  u_kernel_regfile/bank_reg[0][6][1]/Q
                         net (fo=1, routed)           0.113     0.664    u_kernel_regfile/bank_reg[0][6]_27[1]
    SLICE_X32Y91                                                      r  u_kernel_regfile/coef[6][1]_i_1/I1
    SLICE_X32Y91         LUT6 (Prop_lut6_I1_O)        0.045     0.709 r  u_kernel_regfile/coef[6][1]_i_1/O
                         net (fo=1, routed)           0.000     0.709    u_kernel_regfile/coef[6][1]_i_1_n_0
    SLICE_X32Y91         FDCE                                         r  u_kernel_regfile/coef_reg[6][1]/D
  -------------------------------------------------------------------    -------------------

                         (clock clk rise edge)        0.000     0.000 r  
                                                      0.000     0.000 r  clk (IN)
                         net (fo=849, unset)          0.432     0.432    u_kernel_regfile/clk
    SLICE_X32Y91         FDCE                                         r  u_kernel_regfile/coef_reg[6][1]/C
                         clock pessimism              0.000     0.432    
    SLICE_X32Y91         FDCE (Hold_fdce_C_D)         0.121     0.553    u_kernel_regfile/coef_reg[6][1]
  -------------------------------------------------------------------
                         required time                         -0.553    
                         arrival time                           0.709    
  -------------------------------------------------------------------
                         slack                                  0.157    





Pulse Width Checks
--------------------------------------------------------------------------------------
Clock Name:         clk
Waveform(ns):       { 0.000 3.333 }
Period(ns):         6.667
Sources:            { clk }

Check Type        Corner  Lib Pin      Reference Pin  Required(ns)  Actual(ns)  Slack(ns)  Location      Pin
Min Period        n/a     FDCE/C       n/a            1.000         6.667       5.667      SLICE_X40Y77  u_adder_tree/s1_reg[0][12]/C
Min Period        n/a     FDCE/C       n/a            1.000         6.667       5.667      SLICE_X40Y77  u_adder_tree/s1_reg[0][13]/C
Min Period        n/a     FDCE/C       n/a            1.000         6.667       5.667      SLICE_X40Y77  u_adder_tree/s1_reg[0][14]/C
Min Period        n/a     FDCE/C       n/a            1.000         6.667       5.667      SLICE_X40Y77  u_adder_tree/s1_reg[0][15]/C
Min Period        n/a     FDCE/C       n/a            1.000         6.667       5.667      SLICE_X40Y78  u_adder_tree/s1_reg[0][16]/C
Min Period        n/a     FDCE/C       n/a            1.000         6.667       5.667      SLICE_X40Y78  u_adder_tree/s1_reg[0][17]/C
Min Period        n/a     FDCE/C       n/a            1.000         6.667       5.667      SLICE_X40Y74  u_adder_tree/s1_reg[0][1]/C
Min Period        n/a     FDCE/C       n/a            1.000         6.667       5.667      SLICE_X40Y74  u_adder_tree/s1_reg[0][2]/C
Min Period        n/a     FDCE/C       n/a            1.000         6.667       5.667      SLICE_X40Y74  u_adder_tree/s1_reg[0][3]/C
Min Period        n/a     FDCE/C       n/a            1.000         6.667       5.667      SLICE_X40Y75  u_adder_tree/s1_reg[0][4]/C
Low Pulse Width   Slow    SRL16E/CLK   n/a            0.980         3.333       2.353      SLICE_X38Y86  u_ctrl_fsm/meta_bank_reg[3][0]_srl4_u_ctrl_fsm_meta_valid_reg_c_1/CLK
Low Pulse Width   Slow    SRL16E/CLK   n/a            0.980         3.333       2.353      SLICE_X38Y86  u_ctrl_fsm/meta_bank_reg[3][1]_srl4_u_ctrl_fsm_meta_valid_reg_c_1/CLK
Low Pulse Width   Slow    SRLC32E/CLK  n/a            0.980         3.333       2.353      SLICE_X42Y80  u_line_window/g_delay[0].srl_reg[28][0]_srl29/CLK
Low Pulse Width   Slow    SRL16E/CLK   n/a            0.980         3.333       2.353      SLICE_X38Y86  u_ctrl_fsm/meta_last_reg[3]_srl5_u_ctrl_fsm_meta_valid_reg_c_2/CLK
Low Pulse Width   Slow    SRL16E/CLK   n/a            0.980         3.333       2.353      SLICE_X38Y86  u_ctrl_fsm/meta_valid_reg[3]_srl5_u_ctrl_fsm_meta_valid_reg_c_2/CLK
Low Pulse Width   Slow    SRLC32E/CLK  n/a            0.980         3.333       2.353      SLICE_X46Y78  u_line_window/g_delay[0].srl_reg[28][1]_srl29/CLK
Low Pulse Width   Slow    SRLC32E/CLK  n/a            0.980         3.333       2.353      SLICE_X46Y78  u_line_window/g_delay[0].srl_reg[28][2]_srl29/CLK
Low Pulse Width   Slow    SRLC32E/CLK  n/a            0.980         3.333       2.353      SLICE_X46Y78  u_line_window/g_delay[0].srl_reg[28][3]_srl29/CLK
Low Pulse Width   Slow    SRLC32E/CLK  n/a            0.980         3.333       2.353      SLICE_X46Y78  u_line_window/g_delay[0].srl_reg[28][4]_srl29/CLK
Low Pulse Width   Slow    SRLC32E/CLK  n/a            0.980         3.333       2.353      SLICE_X42Y80  u_line_window/g_delay[0].srl_reg[28][5]_srl29/CLK
High Pulse Width  Fast    SRL16E/CLK   n/a            0.980         3.333       2.353      SLICE_X38Y86  u_ctrl_fsm/meta_bank_reg[3][0]_srl4_u_ctrl_fsm_meta_valid_reg_c_1/CLK
High Pulse Width  Fast    SRL16E/CLK   n/a            0.980         3.333       2.353      SLICE_X38Y86  u_ctrl_fsm/meta_bank_reg[3][1]_srl4_u_ctrl_fsm_meta_valid_reg_c_1/CLK
High Pulse Width  Fast    SRLC32E/CLK  n/a            0.980         3.333       2.353      SLICE_X42Y80  u_line_window/g_delay[0].srl_reg[28][0]_srl29/CLK
High Pulse Width  Fast    SRL16E/CLK   n/a            0.980         3.333       2.353      SLICE_X38Y86  u_ctrl_fsm/meta_last_reg[3]_srl5_u_ctrl_fsm_meta_valid_reg_c_2/CLK
High Pulse Width  Fast    SRL16E/CLK   n/a            0.980         3.333       2.353      SLICE_X38Y86  u_ctrl_fsm/meta_valid_reg[3]_srl5_u_ctrl_fsm_meta_valid_reg_c_2/CLK
High Pulse Width  Fast    SRLC32E/CLK  n/a            0.980         3.333       2.353      SLICE_X46Y78  u_line_window/g_delay[0].srl_reg[28][1]_srl29/CLK
High Pulse Width  Fast    SRLC32E/CLK  n/a            0.980         3.333       2.353      SLICE_X46Y78  u_line_window/g_delay[0].srl_reg[28][2]_srl29/CLK
High Pulse Width  Fast    SRLC32E/CLK  n/a            0.980         3.333       2.353      SLICE_X46Y78  u_line_window/g_delay[0].srl_reg[28][3]_srl29/CLK
High Pulse Width  Fast    SRLC32E/CLK  n/a            0.980         3.333       2.353      SLICE_X46Y78  u_line_window/g_delay[0].srl_reg[28][4]_srl29/CLK
High Pulse Width  Fast    SRLC32E/CLK  n/a            0.980         3.333       2.353      SLICE_X42Y80  u_line_window/g_delay[0].srl_reg[28][5]_srl29/CLK



