710
40
0
0
0
0
0
0
0
0
0
-128
-128
-128
-128
-128
-128
-128
-128
-128
0
0
0
0
0
0
0
0
0
0
0
0
0
0
0
0
0
0
0
0
0
0
255
255
255
255
255
255
255
255
255
127
127
127
127
127
127
127
127
127
32385
32385
32385
32385
32385
32385
32385
32385
32385
64770
64770
64770
64770
32385
129540
129540
291465
0
0
291465
32767
1
255
255
255
255
255
255
255
255
255
-128
-128
-128
-128
-128
-128
-128
-128
-128
-32640
-32640
-32640
-32640
-32640
-32640
-32640
-32640
-32640
-65280
-65280
-65280
-65280
-32640
-130560
-130560
-293760
0
0
-293760
-32768
1
255
255
255
255
255
255
255
255
255
0
0
0
0
0
0
0
0
0
0
0
0
0
0
0
0
0
0
0
0
0
0
0
0
0
0
0
0
0
0
0
255
0
0
0
0
0
0
0
0
-128
0
0
0
0
0
0
0
0
-32640
0
0
0
0
0
0
0
0
-32640
0
0
0
0
-32640
0
-32640
0
0
-32640
-32640
0
0
255
0
0
0
0
0
0
0
0
-128
0
0
0
0
0
0
0
0
-32640
0
0
0
0
0
0
0
-32640
0
0
0
0
-32640
0
-32640
0
0
-32640
-32640
0
0
0
255
0
0
0
0
0
0
0
0
-128
0
0
0
0
0
0
0
0
-32640
0
0
0
0
0
0
0
-32640
0
0
0
-32640
0
-32640
0
0
-32640
-32640
0
0
0
0
255
0
0
0
0
0
0
0
0
-128
0
0
0
0
0
0
0
0
-32640
0
0
0
0
0
0
-32640
0
0
0
-32640
0
-32640
0
0
-32640
-32640
0
0
0
0
0
255
0
0
0
0
0
0
0
0
-128
0
0
0
0
0
0
0
0
-32640
0
0
0
0
0
0
-32640
0
0
0
-32640
-32640
0
0
-32640
-32640
0
0
0
0
0
0
255
0
0
0
0
0
0
0
0
-128
0
0
0
0
0
0
0
0
-32640
0
0
0
0
0
-32640
0
0
0
-32640
-32640
0
0
-32640
-32640
0
0
0
0
0
0
0
255
0
0
0
0
0
0
0
0
-128
0
0
0
0
0
0
0
0
-32640
0
0
0
0
0
-32640
0
0
-32640
-32640
0
0
-32640
-32640
0
0
0
0
0
0
0
0
255
0
0
0
0
0
0
0
0
-128
0
0
0
0
0
0
0
0
-32640
0
0
0
0
-32640
0
0
-32640
-32640
0
0
-32640
-32640
0
0
0
0
0
0
0
0
0
255
0
0
0
0
0
0
0
0
-128
0
0
0
0
0
0
0
0
-32640
0
0
0
0
-32640
0
0
-32640
0
0
-32640
-32640
0
0
0
0
0
0
0
0
0
0
-128
-128
-128
-128
-128
-128
-128
-128
-128
0
0
0
0
0
0
0
0
0
0
0
0
0
0
0
0
0
0
1
0
0
0
255
255
255
255
255
255
255
255
255
127
127
127
127
127
127
127
127
127
32385
32385
32385
32385
32385
32385
32385
32385
32385
64770
64770
64770
64770
32385
129540
129540
291465
0
1
291465
32767
1
255
255
255
255
255
255
255
255
255
-128
-128
-128
-128
-128
-128
-128
-128
-128
-32640
-32640
-32640
-32640
-32640
-32640
-32640
-32640
-32640
-65280
-65280
-65280
-65280
-32640
-130560
-130560
-293760
0
1
-293760
0
1
255
255
255
255
255
255
255
255
255
0
0
0
0
0
0
0
0
0
0
0
0
0
0
0
0
0
0
0
0
0
0
0
0
0
0
0
1
0
0
0
255
0
0
0
0
0
0
0
0
-128
0
0
0
0
0
0
0
0
-32640
0
0
0
0
0
0
0
0
-32640
0
0
0
0
-32640
0
-32640
0
1
-32640
0
0
0
255
0
0
0
0
0
0
0
0
-128
0
0
0
0
0
0
0
0
-32640
0
0
0
0
0
0
0
-32640
0
0
0
0
-32640
0
-32640
0
1
-32640
0
0
0
0
255
0
0
0
0
0
0
0
0
-128
0
0
0
0
0
0
0
0
-32640
0
0
0
0
0
0
0
-32640
0
0
0
-32640
0
-32640
0
1
-32640
0
0
0
0
0
255
0
0
0
0
0
0
0
0
-128
0
0
0
0
0
0
0
0
-32640
0
0
0
0
0
0
-32640
0
0
0
-32640
0
-32640
0
1
-32640
0
0
0
0
0
0
255
0
0
0
0
0
0
0
0
-128
0
0
0
0
0
0
0
0
-32640
0
0
0
0
0
0
-32640
0
0
0
-32640
-32640
0
1
-32640
0
0
0
0
0
0
0
255
0
0
0
0
0
0
0
0
-128
0
0
0
0
0
0
0
0
-32640
0
0
0
0
0
-32640
0
0
0
-32640
-32640
0
1
-32640
0
0
0
0
0
0
0
0
255
0
0
0
0
0
0
0
0
-128
0
0
0
0
0
0
0
0
-32640
0
0
0
0
0
-32640
0
0
-32640
-32640
0
1
-32640
0
0
0
0
0
0
0
0
0
255
0
0
0
0
0
0
0
0
-128
0
0
0
0
0
0
0
0
-32640
0
0
0
0
-32640
0
0
-32640
-32640
0
1
-32640
0
0
0
0
0
0
0
0
0
0
255
0
0
0
0
0
0
0
0
-128
0
0
0
0
0
0
0
0
-32640
0
0
0
0
-32640
0
0
-32640
0
1
-32640
0
0
1
0
0
0
0
0
0
0
0
1
0
0
0
0
0
0
0
0
1
0
0
0
0
0
0
0
0
1
0
0
0
0
1
0
1
1
0
1
1
0
1
0
0
0
0
0
0
0
0
1
0
0
0
0
0
0
0
0
1
0
0
0
0
0
0
0
0
1
0
0
0
0
1
0
1
1
1
1
1
0
1
0
0
0
0
0
0
0
0
-1
0
0
0
0
0
0
0
0
-1
0
0
0
0
0
0
0
0
-1
0
0
0
0
-1
0
-1
1
0
0
0
0
1
0
0
0
0
0
0
0
0
-1
0
0
0
0
0
0
0
0
-1
0
0
0
0
0
0
0
0
-1
0
0
0
0
-1
0
-1
1
1
0
0
0
1
0
0
0
0
0
0
0
0
3
0
0
0
0
0
0
0
0
3
0
0
0
0
0
0
0
0
3
0
0
0
0
3
0
3
1
0
2
2
0
1
0
0
0
0
0
0
0
0
3
0
0
0
0
0
0
0
0
3
0
0
0
0
0
0
0
0
3
0
0
0
0
3
0
3
1
1
2
2
0
1
0
0
0
0
0
0
0
0
-3
0
0
0
0
0
0
0
0
-3
0
0
0
0
0
0
0
0
-3
0
0
0
0
-3
0
-3
1
0
-1
-1
0
1
0
0
0
0
0
0
0
0
-3
0
0
0
0
0
0
0
0
-3
0
0
0
0
0
0
0
0
-3
0
0
0
0
-3
0
-3
1
1
-1
0
0
1
0
0
0
0
0
0
0
0
3
0
0
0
0
0
0
0
0
3
0
0
0
0
0
0
0
0
3
0
0
0
0
3
0
3
1
0
2
2
0
1
0
0
0
0
0
0
0
0
3
0
0
0
0
0
0
0
0
3
0
0
0
0
0
0
0
0
3
0
0
0
0
3
0
3
1
1
2
2
0
1
0
0
0
0
0
0
0
0
-3
0
0
0
0
0
0
0
0
-3
0
0
0
0
0
0
0
0
-3
0
0
0
0
-3
0
-3
1
0
-1
-1
0
1
0
0
0
0
0
0
0
0
-3
0
0
0
0
0
0
0
0
-3
0
0
0
0
0
0
0
0
-3
0
0
0
0
-3
0
-3
1
1
-1
0
0
1
0
0
0
0
0
0
0
0
2
0
0
0
0
0
0
0
0
2
0
0
0
0
0
0
0
0
2
0
0
0
0
2
0
2
2
0
1
1
0
1
0
0
0
0
0
0
0
0
2
0
0
0
0
0
0
0
0
2
0
0
0
0
0
0
0
0
2
0
0
0
0
2
0
2
2
1
1
1
0
1
0
0
0
0
0
0
0
0
-2
0
0
0
0
0
0
0
0
-2
0
0
0
0
0
0
0
0
-2
0
0
0
0
-2
0
-2
2
0
0
0
0
1
0
0
0
0
0
0
0
0
-2
0
0
0
0
0
0
0
0
-2
0
0
0
0
0
0
0
0
-2
0
0
0
0
-2
0
-2
2
1
0
0
0
1
0
0
0
0
0
0
0
0
6
0
0
0
0
0
0
0
0
6
0
0
0
0
0
0
0
0
6
0
0
0
0
6
0
6
2
0
2
2
0
1
0
0
0
0
0
0
0
0
6
0
0
0
0
0
0
0
0
6
0
0
0
0
0
0
0
0
6
0
0
0
0
6
0
6
2
1
2
2
0
1
0
0
0
0
0
0
0
0
-6
0
0
0
0
0
0
0
0
-6
0
0
0
0
0
0
0
0
-6
0
0
0
0
-6
0
-6
2
0
-1
-1
0
1
0
0
0
0
0
0
0
0
-6
0
0
0
0
0
0
0
0
-6
0
0
0
0
0
0
0
0
-6
0
0
0
0
-6
0
-6
2
1
-1
0
0
1
0
0
0
0
0
0
0
0
6
0
0
0
0
0
0
0
0
6
0
0
0
0
0
0
0
0
6
0
0
0
0
6
0
6
2
0
2
2
0
1
0
0
0
0
0
0
0
0
6
0
0
0
0
0
0
0
0
6
0
0
0
0
0
0
0
0
6
0
0
0
0
6
0
6
2
1
2
2
0
1
0
0
0
0
0
0
0
0
-6
0
0
0
0
0
0
0
0
-6
0
0
0
0
0
0
0
0
-6
0
0
0
0
-6
0
-6
2
0
-1
-1
0
1
0
0
0
0
0
0
0
0
-6
0
0
0
0
0
0
0
0
-6
0
0
0
0
0
0
0
0
-6
0
0
0
0
-6
0
-6
2
1
-1
0
0
1
0
0
0
0
0
0
0
0
4
0
0
0
0
0
0
0
0
4
0
0
0
0
0
0
0
0
4
0
0
0
0
4
0
4
3
0
1
1
0
1
0
0
0
0
0
0
0
0
4
0
0
0
0
0
0
0
0
4
0
0
0
0
0
0
0
0
4
0
0
0
0
4
0
4
3
1
1
1
0
1
0
0
0
0
0
0
0
0
-4
0
0
0
0
0
0
0
0
-4
0
0
0
0
0
0
0
0
-4
0
0
0
0
-4
0
-4
3
0
0
0
0
1
0
0
0
0
0
0
0
0
-4
0
0
0
0
0
0
0
0
-4
0
0
0
0
0
0
0
0
-4
0
0
0
0
-4
0
-4
3
1
0
0
0
1
0
0
0
0
0
0
0
0
12
0
0
0
0
0
0
0
0
12
0
0
0
0
0
0
0
0
12
0
0
0
0
12
0
12
3
0
2
2
0
1
0
0
0
0
0
0
0
0
12
0
0
0
0
0
0
0
0
12
0
0
0
0
0
0
0
0
12
0
0
0
0
12
0
12
3
1
2
2
0
1
0
0
0
0
0
0
0
0
-12
0
0
0
0
0
0
0
0
-12
0
0
0
0
0
0
0
0
-12
0
0
0
0
-12
0
-12
3
0
-1
-1
0
1
0
0
0
0
0
0
0
0
-12
0
0
0
0
0
0
0
0
-12
0
0
0
0
0
0
0
0
-12
0
0
0
0
-12
0
-12
3
1
-1
0
0
1
0
0
0
0
0
0
0
0
12
0
0
0
0
0
0
0
0
12
0
0
0
0
0
0
0
0
12
0
0
0
0
12
0
12
3
0
2
2
0
1
0
0
0
0
0
0
0
0
12
0
0
0
0
0
0
0
0
12
0
0
0
0
0
0
0
0
12
0
0
0
0
12
0
12
3
1
2
2
0
1
0
0
0
0
0
0
0
0
-12
0
0
0
0
0
0
0
0
-12
0
0
0
0
0
0
0
0
-12
0
0
0
0
-12
0
-12
3
0
-1
-1
0
1
0
0
0
0
0
0
0
0
-12
0
0
0
0
0
0
0
0
-12
0
0
0
0
0
0
0
0
-12
0
0
0
0
-12
0
-12
3
1
-1
0
0
1
0
0
0
0
0
0
0
0
8
0
0
0
0
0
0
0
0
8
0
0
0
0
0
0
0
0
8
0
0
0
0
8
0
8
4
0
1
1
0
1
0
0
0
0
0
0
0
0
8
0
0
0
0
0
0
0
0
8
0
0
0
0
0
0
0
0
8
0
0
0
0
8
0
8
4
1
1
1
0
1
0
0
0
0
0
0
0
0
-8
0
0
0
0
0
0
0
0
-8
0
0
0
0
0
0
0
0
-8
0
0
0
0
-8
0
-8
4
0
0
0
0
1
0
0
0
0
0
0
0
0
-8
0
0
0
0
0
0
0
0
-8
0
0
0
0
0
0
0
0
-8
0
0
0
0
-8
0
-8
4
1
0
0
0
1
0
0
0
0
0
0
0
0
24
0
0
0
0
0
0
0
0
24
0
0
0
0
0
0
0
0
24
0
0
0
0
24
0
24
4
0
2
2
0
1
0
0
0
0
0
0
0
0
24
0
0
0
0
0
0
0
0
24
0
0
0
0
0
0
0
0
24
0
0
0
0
24
0
24
4
1
2
2
0
1
0
0
0
0
0
0
0
0
-24
0
0
0
0
0
0
0
0
-24
0
0
0
0
0
0
0
0
-24
0
0
0
0
-24
0
-24
4
0
-1
-1
0
1
0
0
0
0
0
0
0
0
-24
0
0
0
0
0
0
0
0
-24
0
0
0
0
0
0
0
0
-24
0
0
0
0
-24
0
-24
4
1
-1
0
0
1
0
0
0
0
0
0
0
0
24
0
0
0
0
0
0
0
0
24
0
0
0
0
0
0
0
0
24
0
0
0
0
24
0
24
4
0
2
2
0
1
0
0
0
0
0
0
0
0
24
0
0
0
0
0
0
0
0
24
0
0
0
0
0
0
0
0
24
0
0
0
0
24
0
24
4
1
2
2
0
1
0
0
0
0
0
0
0
0
-24
0
0
0
0
0
0
0
0
-24
0
0
0
0
0
0
0
0
-24
0
0
0
0
-24
0
-24
4
0
-1
-1
0
1
0
0
0
0
0
0
0
0
-24
0
0
0
0
0
0
0
0
-24
0
0
0
0
0
0
0
0
-24
0
0
0
0
-24
0
-24
4
1
-1
0
0
1
0
0
0
0
0
0
0
0
16
0
0
0
0
0
0
0
0
16
0
0
0
0
0
0
0
0
16
0
0
0
0
16
0
16
5
0
1
1
0
1
0
0
0
0
0
0
0
0
16
0
0
0
0
0
0
0
0
16
0
0
0
0
0
0
0
0
16
0
0
0
0
16
0
16
5
1
1
1
0
1
0
0
0
0
0
0
0
0
-16
0
0
0
0
0
0
0
0
-16
0
0
0
0
0
0
0
0
-16
0
0
0
0
-16
0
-16
5
0
0
0
0
1
0
0
0
0
0
0
0
0
-16
0
0
0
0
0
0
0
0
-16
0
0
0
0
0
0
0
0
-16
0
0
0
0
-16
0
-16
5
1
0
0
0
1
0
0
0
0
0
0
0
0
48
0
0
0
0
0
0
0
0
48
0
0
0
0
0
0
0
0
48
0
0
0
0
48
0
48
5
0
2
2
0
1
0
0
0
0
0
0
0
0
48
0
0
0
0
0
0
0
0
48
0
0
0
0
0
0
0
0
48
0
0
0
0
48
0
48
5
1
2
2
0
1
0
0
0
0
0
0
0
0
-48
0
0
0
0
0
0
0
0
-48
0
0
0
0
0
0
0
0
-48
0
0
0
0
-48
0
-48
5
0
-1
-1
0
1
0
0
0
0
0
0
0
0
-48
0
0
0
0
0
0
0
0
-48
0
0
0
0
0
0
0
0
-48
0
0
0
0
-48
0
-48
5
1
-1
0
0
1
0
0
0
0
0
0
0
0
48
0
0
0
0
0
0
0
0
48
0
0
0
0
0
0
0
0
48
0
0
0
0
48
0
48
5
0
2
2
0
1
0
0
0
0
0
0
0
0
48
0
0
0
0
0
0
0
0
48
0
0
0
0
0
0
0
0
48
0
0
0
0
48
0
48
5
1
2
2
0
1
0
0
0
0
0
0
0
0
-48
0
0
0
0
0
0
0
0
-48
0
0
0
0
0
0
0
0
-48
0
0
0
0
-48
0
-48
5
0
-1
-1
0
1
0
0
0
0
0
0
0
0
-48
0
0
0
0
0
0
0
0
-48
0
0
0
0
0
0
0
0
-48
0
0
0
0
-48
0
-48
5
1
-1
0
0
1
0
0
0
0
0
0
0
0
32
0
0
0
0
0
0
0
0
32
0
0
0
0
0
0
0
0
32
0
0
0
0
32
0
32
6
0
1
1
0
1
0
0
0
0
0
0
0
0
32
0
0
0
0
0
0
0
0
32
0
0
0
0
0
0
0
0
32
0
0
0
0
32
0
32
6
1
1
1
0
1
0
0
0
0
0
0
0
0
-32
0
0
0
0
0
0
0
0
-32
0
0
0
0
0
0
0
0
-32
0
0
0
0
-32
0
-32
6
0
0
0
0
1
0
0
0
0
0
0
0
0
-32
0
0
0
0
0
0
0
0
-32
0
0
0
0
0
0
0
0
-32
0
0
0
0
-32
0
-32
6
1
0
0
0
1
0
0
0
0
0
0
0
0
96
0
0
0
0
0
0
0
0
96
0
0
0
0
0
0
0
0
96
0
0
0
0
96
0
96
6
0
2
2
0
1
0
0
0
0
0
0
0
0
96
0
0
0
0
0
0
0
0
96
0
0
0
0
0
0
0
0
96
0
0
0
0
96
0
96
6
1
2
2
0
1
0
0
0
0
0
0
0
0
-96
0
0
0
0
0
0
0
0
-96
0
0
0
0
0
0
0
0
-96
0
0
0
0
-96
0
-96
6
0
-1
-1
0
1
0
0
0
0
0
0
0
0
-96
0
0
0
0
0
0
0
0
-96
0
0
0
0
0
0
0
0
-96
0
0
0
0
-96
0
-96
6
1
-1
0
0
1
0
0
0
0
0
0
0
0
96
0
0
0
0
0
0
0
0
96
0
0
0
0
0
0
0
0
96
0
0
0
0
96
0
96
6
0
2
2
0
1
0
0
0
0
0
0
0
0
96
0
0
0
0
0
0
0
0
96
0
0
0
0
0
0
0
0
96
0
0
0
0
96
0
96
6
1
2
2
0
1
0
0
0
0
0
0
0
0
-96
0
0
0
0
0
0
0
0
-96
0
0
0
0
0
0
0
0
-96
0
0
0
0
-96
0
-96
6
0
-1
-1
0
1
0
0
0
0
0
0
0
0
-96
0
0
0
0
0
0
0
0
-96
0
0
0
0
0
0
0
0
-96
0
0
0
0
-96
0
-96
6
1
-1
0
0
1
0
0
0
0
0
0
0
0
64
0
0
0
0
0
0
0
0
64
0
0
0
0
0
0
0
0
64
0
0
0
0
64
0
64
7
0
1
1
0
1
0
0
0
0
0
0
0
0
64
0
0
0
0
0
0
0
0
64
0
0
0
0
0
0
0
0
64
0
0
0
0
64
0
64
7
1
1
1
0
1
0
0
0
0
0
0
0
0
-64
0
0
0
0
0
0
0
0
-64
0
0
0
0
0
0
0
0
-64
0
0
0
0
-64
0
-64
7
0
0
0
0
1
0
0
0
0
0
0
0
0
-64
0
0
0
0
0
0
0
0
-64
0
0
0
0
0
0
0
0
-64
0
0
0
0
-64
0
-64
7
1
0
0
0
2
0
0
0
0
0
0
0
0
96
0
0
0
0
0
0
0
0
192
0
0
0
0
0
0
0
0
192
0
0
0
0
192
0
192
7
0
2
2
0
2
0
0
0
0
0
0
0
0
96
0
0
0
0
0
0
0
0
192
0
0
0
0
0
0
0
0
192
0
0
0
0
192
0
192
7
1
2
2
0
2
0
0
0
0
0
0
0
0
-96
0
0
0
0
0
0
0
0
-192
0
0
0
0
0
0
0
0
-192
0
0
0
0
-192
0
-192
7
0
-1
-1
0
2
0
0
0
0
0
0
0
0
-96
0
0
0
0
0
0
0
0
-192
0
0
0
0
0
0
0
0
-192
0
0
0
0
-192
0
-192
7
1
-1
0
0
2
0
0
0
0
0
0
0
0
96
0
0
0
0
0
0
0
0
192
0
0
0
0
0
0
0
0
192
0
0
0
0
192
0
192
7
0
2
2
0
2
0
0
0
0
0
0
0
0
96
0
0
0
0
0
0
0
0
192
0
0
0
0
0
0
0
0
192
0
0
0
0
192
0
192
7
1
2
2
0
2
0
0
0
0
0
0
0
0
-96
0
0
0
0
0
0
0
0
-192
0
0
0
0
0
0
0
0
-192
0
0
0
0
-192
0
-192
7
0
-1
-1
0
2
0
0
0
0
0
0
0
0
-96
0
0
0
0
0
0
0
0
-192
0
0
0
0
0
0
0
0
-192
0
0
0
0
-192
0
-192
7
1
-1
0
0
233
242
202
42
253
232
170
116
110
-70
118
-84
122
123
-126
-122
41
80
-16310
28556
-16968
5124
31119
-29232
-20740
4756
8800
12246
-11844
1887
-15984
8800
402
-14097
-4895
4
1
-306
0
0
49
3
102
157
159
205
71
71
150
-72
-78
-116
65
89
-104
-86
-3
57
-3528
-234
-11832
10205
14151
-21320
-6106
-213
8550
-3762
-1627
-7169
-6319
8550
-5389
-13488
-10327
6
1
-161
0
0
124
114
143
154
143
158
3
239
99
77
33
71
-124
-96
13
-25
-31
-85
9548
3762
10153
-19096
-13728
2054
-75
-7409
-8415
13310
-8943
-11674
-7484
-8415
4367
-19158
-23206
7
0
-181
-181
0
249
240
184
25
159
131
208
146
153
-38
-4
18
-17
-67
-61
-42
75
38
-9462
-960
3312
-425
-10653
-7991
-8736
10950
5814
-10422
2887
-18644
2214
5814
-7535
-16430
-18151
7
0
-142
-142
0
72
142
23
198
79
192
231
61
245
59
103
-77
104
-55
-24
101
99
-83
4248
14626
-1771
20592
-4345
-4608
23331
6039
-20335
18874
18821
-8953
29370
-20335
37695
20417
37777
3
1
4722
4722
0
66
229
71
232
216
218
135
177
62
-69
77
23
-50
-66
-78
-106
74
-11
-4554
17633
1633
-11600
-14256
-17004
-14310
13098
-682
13079
-9967
-31260
-1212
-682
3112
-32472
-30042
5
1
-939
0
0
161
216
18
213
112
254
103
158
109
-70
-115
83
118
-85
44
-82
101
-9
-11270
-24840
1494
25134
-9520
11176
-8446
15958
-981
-36110
26628
1656
7512
-981
-9482
9168
-1295
7
0
-10
-10
0
123
51
126
226
33
35
151
216
19
-86
13
18
29
-87
-1
-43
112
-92
-10578
663
2268
6554
-2871
-35
-6493
24192
-1748
-9915
8822
-2906
17699
-1748
-1093
14793
11952
2
0
2988
2988
0
15
108
59
127
84
240
105
223
253
58
-110
49
19
-69
39
23
-17
-109
870
-11880
2891
2413
-5796
9360
2415
-3791
-27577
-11010
5304
3564
-1376
-27577
-5706
2188
-31095
3
0
-3887
-3887
0
4
198
87
173
61
103
236
178
33
116
-104
-89
37
60
-111
-65
111
-65
464
-20592
-7743
6401
3660
-11433
-15340
19758
-2145
-20128
-1342
-7773
4418
-2145
-21470
-3355
-26970
5
1
-843
0
0
16
218
53
161
208
238
67
17
48
62
72
46
-104
-112
-22
-41
94
-20
992
15696
2438
-16744
-23296
-5236
-2747
1598
-960
16688
-14306
-28532
-1149
-960
2382
-29681
-28259
5
1
-883
0
0
141
102
3
110
197
251
126
17
125
25
106
-126
-117
88
57
-42
78
112
3525
10812
-378
-12870
17336
14307
-5292
1326
14000
14337
-13248
31643
-3966
14000
1089
27677
42766
6
0
668
668
0
41
230
108
48
66
81
235
220
127
76
-25
54
52
44
76
112
47
15
3116
-5750
5832
2496
2904
6156
26320
10340
1905
-2634
8328
9060
36660
1905
5694
45720
53319
7
0
417
417
0
43
50
146
33
22
12
163
174
15
69
-76
-112
-124
67
-76
-36
-108
52
2967
-3800
-16352
-4092
1474
-912
-5868
-18792
780
-833
-20444
562
-24660
780
-21277
-24098
-44595
6
0
-697
-697
0
179
169
85
193
252
89
106
85
128
0
-81
65
-7
-67
-14
119
45
-105
0
-13689
5525
-1351
-16884
-1246
12614
3825
-13440
-13689
4174
-18130
16439
-13440
-9515
-1691
-24646
5
1
-770
0
0
159
211
39
162
34
172
167
240
55
-32
-74
-4
-67
-41
12
113
125
113
-5088
-15614
-156
-10854
-1394
2064
18871
30000
6215
-20702
-11010
670
48871
6215
-31712
49541
24044
3
1
3006
3006
0
48
128
222
126
202
67
234
205
190
-51
27
-37
5
-63
93
-34
-65
-51
-2448
3456
-8214
630
-12726
6231
-7956
-13325
-9690
1008
-7584
-6495
-21281
-9690
-6576
-27776
-44042
1
0
-22021
-22021
0
46
3
132
158
215
84
11
15
55
36
17
96
-118
-43
74
-36
-50
-110
1656
51
12672
-18644
-9245
6216
-396
-750
-6050
1707
-5972
-3029
-1146
-6050
-4265
-4175
-14490
2
0
-3622
-3622
0
77
108
160
221
15
81
196
250
39
-67
47
34
-98
-65
-85
19
110
75
-5159
5076
5440
-21658
-975
-6885
3724
27500
2925
-83
-16218
-7860
31224
2925
-16301
23364
9988
0
0
9988
9988
0
252
144
94
161
155
62
204
97
52
-100
47
5
-111
108
111
-18
15
7
-25200
6768
470
-17871
16740
6882
-3672
1455
364
-18432
-17401
23622
-2217
364
-35833
21405
-14064
6
0
-220
-220
0
137
11
107
62
172
227
248
64
38
49
66
-120
89
-127
82
126
-41
-94
6713
726
-12840
5518
-21844
18614
31248
-2624
-3572
7439
-7322
-3230
28624
-3572
117
25394
21939
3
0
2742
2742
0
126
84
172
99
201
75
86
92
174
11
-115
118
86
-33
50
-52
14
-118
1386
-9660
20296
8514
-6633
3750
-4472
1288
-20532
-8274
28810
-2883
-3184
-20532
20536
-6067
-6063
0
1
-6063
0
0
102
15
163
2
39
183
45
181
208
-118
-94
116
-74
-102
-11
80
-10
-18
-12036
-1410
18908
-148
-3978
-2013
3600
-1810
-3744
-13446
18760
-5991
1790
-3744
5314
-4201
-2631
6
0
-41
-41
0
148
4
152
216
101
132
1
6
0
-69
51
-32
-65
118
120
-36
119
-111
-10212
204
-4864
-14040
11918
15840
-36
714
0
-10008
-18904
27758
678
0
-28912
28436
-476
6
0
-7
-7
0
151
144
170
166
83
149
9
220
107
-46
95
59
-125
14
88
-14
-59
36
-6946
13680
10030
-20750
1162
13112
-126
-12980
3852
6734
-10720
14274
-13106
3852
-3986
1168
1034
7
0
8
8
0
39
133
198
246
99
33
204
154
153
67
84
34
-98
-49
72
-76
115
-71
2613
11172
6732
-24108
-4851
2376
-15504
17710
-10863
13785
-17376
-2475
2206
-10863
-3591
-269
-14723
5
1
-460
0
0
150
167
249
247
140
224
154
60
11
-71
71
-119
14
-103
102
43
-88
14
-10650
11857
-29631
3458
-14420
22848
6622
-5280
154
1207
-26173
8428
1342
154
-24966
9770
-15042
0
0
-15042
-15042
0
228
11
244
32
216
208
152
191
85
-18
6
-31
116
-42
94
-17
32
-26
-4104
66
-7564
3712
-9072
19552
-2584
6112
-2210
-4038
-3852
10480
3528
-2210
-7890
14008
3908
3
1
489
489
0
143
83
215
141
248
217
86
88
203
-119
22
70
-9
-73
-102
94
80
84
-17017
1826
15050
-1269
-18104
-22134
8084
7040
17052
-15191
13781
-40238
15124
17052
-1410
-25114
-9472
4
0
-592
-592
0
149
82
239
233
34
110
216
2
8
-7
-47
98
121
-83
65
74
82
1
-1043
-3854
23422
28193
-2822
7150
15984
164
8
-4897
51615
4328
16148
8
46718
20476
67202
2
0
16801
16801
0
227
167
135
63
44
88
211
190
19
72
89
-61
-118
-92
49
-31
-30
-123
16344
14863
-8235
-7434
-4048
4312
-6541
-5700
-2337
31207
-15669
264
-12241
-2337
15538
-11977
1224
1
0
612
612
0
0
7
92
194
12
97
92
66
247
-125
50
2
-39
116
-61
89
119
123
0
350
184
-7566
1392
-5917
8188
7854
30381
350
-7382
-4525
16042
30381
-7032
11517
34866
6
1
545
545
0
0
77
164
252
78
241
158
0
79
-31
70
-73
109
-17
51
106
-88
9
0
5390
-11972
27468
-1326
12291
16748
0
711
5390
15496
10965
16748
711
20886
27713
49310
6
0
770
770
0
73
11
218
222
77
198
255
55
145
104
-39
-43
-127
43
-8
-57
-57
120
7592
-429
-9374
-28194
3311
-1584
-14535
-3135
17400
7163
-37568
1727
-17670
17400
-30405
-15943
-28948
5
0
-905
-905
0
135
34
74
85
147
67
192
186
209
-26
67
-29
-4
-108
8
101
84
-95
-3510
2278
-2146
-340
-15876
536
19392
15624
-19855
-1232
-2486
-15340
35016
-19855
-3718
19676
-3897
4
0
-244
-244
0
240
242
78
21
64
202
229
250
70
101
22
87
-49
-21
-114
102
-40
-15
24240
5324
6786
-1029
-1344
-23028
23358
-10000
-1050
29564
5757
-24372
13358
-1050
35321
-11014
23257
0
0
23257
23257
0
79
209
235
175
50
242
10
188
255
-20
-124
1
90
89
0
-31
108
56
-1580
-25916
235
15750
4450
0
-310
20304
14280
-27496
15985
4450
19994
14280
-11511
24444
27213
2
0
6803
6803
0
61
199
147
196
118
206
145
182
224
-61
-127
52
126
-115
122
115
-9
109
-3721
-25273
7644
24696
-13570
25132
16675
-1638
24416
-28994
32340
11562
15037
24416
3346
26599
54361
2
1
13590
13590
0
187
196
215
62
148
180
132
166
176
-42
54
-56
107
20
-11
-89
-111
87
-7854
10584
-12040
6634
2960
-1980
-11748
-18426
15312
2730
-5406
980
-30174
15312
-2676
-29194
-16558
5
0
-517
-517
0
163
3
8
242
44
98
171
127
126
40
-25
-85
11
-19
-57
21
18
114
6520
-75
-680
2662
-836
-5586
3591
2286
14364
6445
1982
-6422
5877
14364
8427
-545
22246
0
0
22246
22246
0
9
63
166
152
100
148
24
175
108
112
9
-67
116
81
-33
95
-85
52
1008
567
-11122
17632
8100
-4884
2280
-14875
5616
1575
6510
3216
-12595
5616
8085
-9379
4322
4
1
270
270
0
157
196
90
33
89
63
54
103
175
-36
-87
45
112
-107
-81
-19
-24
57
-5652
-17052
4050
3696
-9523
-5103
-1026
-2472
9975
-22704
7746
-14626
-3498
9975
-14958
-18124
-23107
5
0
-722
-722
0
178
196
21
77
62
155
233
152
97
-19
-54
103
-128
119
-102
76
-122
-27
-3382
-10584
2163
-9856
7378
-15810
17708
-18544
-2619
-13966
-7693
-8432
-836
-2619
-21659
-9268
-33546
2
0
-8386
-8386
0
176
59
149
156
255
148
67
186
120
100
86
-109
-122
-46
-91
19
75
53
17600
5074
-16241
-19032
-11730
-13468
1273
13950
6360
22674
-35273
-25198
15223
6360
-12599
-9975
-16214
1
1
-8107
0
0
188
236
169
237
108
230
221
183
97
-95
20
75
-47
-80
-87
67
16
18
-17860
4720
12675
-11139
-8640
-20010
14807
2928
1746
-13140
1536
-28650
17735
1746
-11604
-10915
-20773
6
0
-325
-325
0
145
140
196
184
135
250
223
226
53
39
81
93
51
-30
-62
-83
68
-72
5655
11340
18228
9384
-4050
-15500
-18509
15368
-3816
16995
27612
-19550
-3141
-3816
44607
-22691
18100
0
1
18100
18100
0
147
174
162
220
114
42
183
174
200
88
-109
-84
7
87
71
-57
-17
24
12936
-18966
-13608
1540
9918
2982
-10431
-2958
4800
-6030
-12068
12900
-13389
4800
-18098
-489
-13787
2
0
-3447
-3447
0
131
229
19
31
205
82
189
140
140
-26
-116
38
62
-27
12
54
109
-29
-3406
-26564
722
1922
-5535
984
10206
15260
-4060
-29970
2644
-4551
25466
-4060
-27326
20915
-10471
4
0
-654
-654
0
220
56
250
74
180
232
245
125
61
15
55
118
-113
-23
-19
1
104
-49
3300
3080
29500
-8362
-4140
-4408
245
13000
-2989
6380
21138
-8548
13245
-2989
27518
4697
29226
3
1
3653
3653
0
33
90
237
20
165
112
188
111
110
37
-41
-112
96
20
16
-46
-13
-111
1221
-3690
-26544
1920
3300
1792
-8648
-1443
-12210
-2469
-24624
5092
-10091
-12210
-27093
-4999
-44302
6
1
-692
0
0
41
53
111
216
226
136
117
13
54
-113
-123
-48
112
12
-114
-63
55
26
-4633
-6519
-5328
24192
2712
-15504
-7371
715
1404
-11152
18864
-12792
-6656
1404
7712
-19448
-10332
4
0
-646
-646
0
238
11
104
248
239
38
46
221
87
-50
-33
-8
60
-120
35
-84
-112
118
-11900
-363
-832
14880
-28680
1330
-3864
-24752
10266
-12263
14048
-27350
-28616
10266
1785
-55966
-43915
7
0
-343
-343
0
125
15
64
166
10
57
140
78
22
120
-114
89
-65
16
-124
-7
90
-24
15000
-1710
5696
-10790
160
-7068
-980
7020
-528
13290
-5094
-6908
6040
-528
8196
-868
6800
6
0
106
106
0
168
247
111
101
78
116
80
183
74
112
62
43
-36
20
-72
-52
-108
-125
18816
15314
4773
-3636
1560
-8352
-4160
-19764
-9250
34130
1137
-6792
-23924
-9250
35267
-30716
-4699
3
1
-587
0
0
221
114
118
0
192
223
144
136
81
51
40
37
7
8
-6
18
122
102
11271
4560
4366
0
1536
-1338
2592
16592
8262
15831
4366
198
19184
8262
20197
19382
47841
1
1
23921
23921
0
74
154
59
141
2
13
186
163
7
-77
-125
-68
-73
45
-109
-30
40
-101
-5698
-19250
-4012
-10293
90
-1417
-5580
6520
-707
-24948
-14305
-1327
940
-707
-39253
-387
-40347
0
0
-40347
-32768
1
2
85
55
131
26
148
218
161
89
-66
35
102
-15
-111
112
110
70
78
-132
2975
5610
-1965
-2886
16576
23980
11270
6942
2843
3645
13690
35250
6942
6488
48940
62370
1
1
31185
31185
0
0
88
204
232
128
235
164
182
114
-59
-13
115
-72
-128
64
81
-52
-28
0
-1144
23460
-16704
-16384
15040
13284
-9464
-3192
-1144
6756
-1344
3820
-3192
5612
2476
4896
1
1
2448
2448
0
243
237
143
40
130
202
71
61
250
122
-41
92
-112
79
-34
-21
4
-95
29646
-9717
13156
-4480
10270
-6868
-1491
244
-23750
19929
8676
3402
-1247
-23750
28605
2155
7010
1
0
3505
3505
0
12
44
249
131
17
113
217
2
119
26
43
-94
65
42
99
58
113
-78
312
1892
-23406
8515
714
11187
12586
226
-9282
2204
-14891
11901
12812
-9282
-12687
24713
2744
4
0
172
172
0
200
184
4
150
51
124
100
199
49
-111
24
-18
4
16
-111
-49
3
125
-22200
4416
-72
600
816
-13764
-4900
597
6125
-17784
528
-12948
-4303
6125
-17256
-17251
-28382
0
0
-28382
-28382
0
32
247
17
172
82
27
169
33
209
0
47
-46
11
-121
-7
-57
-46
-13
0
11609
-782
1892
-9922
-189
-9633
-1518
-2717
11609
1110
-10111
-11151
-2717
12719
-21262
-11260
6
1
-176
0
0
201
130
166
177
90
20
48
42
76
-62
-112
117
-6
80
-32
-47
47
-24
-12462
-14560
19422
-1062
7200
-640
-2256
1974
-1824
-27022
18360
6560
-282
-1824
-8662
6278
-4208
3
1
-526
0
0
138
102
107
215
186
2
235
99
190
103
-87
-28
25
-12
-78
-41
-82
-110
14214
-8874
-2996
5375
-2232
-156
-9635
-8118
-20900
5340
2379
-2388
-17753
-20900
7719
-20141
-33322
7
0
-260
-260
0
161
227
198
103
44
104
105
167
223
124
-113
-89
84
25
50
-121
-4
89
19964
-25651
-17622
8652
1100
5200
-12705
-668
19847
-5687
-8970
6300
-13373
19847
-14657
-7073
-1883
6
1
-29
0
0
70
9
25
172
146
103
113
199
251
56
107
-12
35
-70
75
-103
-117
23
3920
963
-300
6020
-10220
7725
-11639
-23283
5773
4883
5720
-2495
-34922
5773
10603
-37417
-21041
3
0
-2630
-2630
0
249
26
13
10
134
115
186
81
131
-64
-115
-106
-20
34
63
72
-15
-37
-15936
-2990
-1378
-200
4556
7245
13392
-1215
-4847
-18926
-1578
11801
12177
-4847
-20504
23978
-1373
4
0
-86
-86
0
125
129
93
226
150
31
102
2
215
-81
122
51
-85
46
102
33
113
-94
-10125
15738
4743
-19210
6900
3162
3366
226
-20210
5613
-14467
10062
3592
-20210
-8854
13654
-15410
2
1
-3852
0
0
105
25
171
61
80
160
210
104
196
93
56
10
74
51
-128
9
30
87
9765
1400
1710
4514
4080
-20480
1890
3120
17052
11165
6224
-16400
5010
17052
17389
-11390
23051
0
1
23051
23051
0
249
155
140
24
57
230
85
141
222
70
8
31
-87
-3
-38
-32
-59
106
17430
1240
4340
-2088
-171
-8740
-2720
-8319
23532
18670
2252
-8911
-11039
23532
20922
-19950
24504
7
0
191
191
0
237
250
134
221
25
114
59
208
74
-9
-94
28
-38
-62
52
-13
111
-26
-2133
-23500
3752
-8398
-1550
5928
-767
23088
-1924
-25633
-4646
4378
22321
-1924
-30279
26699
-5504
3
1
-688
0
0
224
148
141
28
44
2
82
48
54
7
61
-112
-43
-67
-70
-14
0
88
1568
9028
-15792
-1204
-2948
-140
-1148
0
4752
10596
-16996
-3088
-1148
4752
-6400
-4236
-5884
4
1
-368
0
0
1
30
237
239
201
204
45
236
244
-23
11
-35
62
-54
-123
108
-11
-19
-23
330
-8295
14818
-10854
-25092
4860
-2596
-4636
307
6523
-35946
2264
-4636
6830
-33682
-31488
6
0
-492
-492
0
201
100
63
202
32
155
27
109
87
-23
-36
70
67
-50
-5
-15
-95
84
-4623
-3600
4410
13534
-1600
-775
-405
-10355
7308
-8223
17944
-2375
-10760
7308
9721
-13135
3894
3
0
487
487
0
200
242
98
113
249
112
152
91
84
0
-16
-26
52
-33
42
8
62
82
0
-3872
-2548
5876
-8217
4704
1216
5642
6888
-3872
3328
-3513
6858
6888
-544
3345
9689
4
0
606
606
0
32
18
104
197
229
108
88
246
196
46
46
83
8
37
-15
-33
108
-122
1472
828
8632
1576
8473
-1620
-2904
26568
-23912
2300
10208
6853
23664
-23912
12508
30517
19113
6
1
299
299
0
25
153
114
10
154
124
182
36
58
-50
-58
-126
21
6
63
-73
56
75
-1250
-8874
-14364
210
924
7812
-13286
2016
4350
-10124
-14154
8736
-11270
4350
-24278
-2534
-22462
5
1
-702
0
0
179
68
126
208
81
233
22
95
158
-58
126
-124
26
-14
-81
125
118
14
-10382
8568
-15624
5408
-1134
-18873
2750
11210
2212
-1814
-10216
-20007
13960
2212
-12030
-6047
-15865
0
0
-15865
-15865
0
40
173
69
172
25
186
205
35
16
-101
-99
57
-13
-122
-107
121
7
39
-4040
-17127
3933
-2236
-3050
-19902
24805
245
624
-21167
1697
-22952
25050
624
-19470
2098
-16748
6
1
-262
0
0
105
176
25
232
78
172
178
29
198
-126
-55
-94
105
-101
-118
78
-89
-116
-13230
-9680
-2350
24360
-7878
-20296
13884
-2581
-22968
-22910
22010
-28174
11303
-22968
-900
-16871
-40739
5
0
-1273
-1273
0
244
155
135
51
191
124
119
153
220
42
-19
-18
107
73
62
0
12
-116
10248
-2945
-2430
5457
13943
7688
0
1836
-25520
7303
3027
21631
1836
-25520
10330
23467
8277
5
0
259
259
0
142
216
42
138
137
225
78
212
155
-30
-57
92
118
112
-74
-106
54
-41
-4260
-12312
3864
16284
15344
-16650
-8268
11448
-6355
-16572
20148
-1306
3180
-6355
3576
1874
-905
6
1
-14
0
0
182
77
5
199
51
53
104
158
177
-49
-80
-114
-36
43
-26
-40
-76
-118
-8918
-6160
-570
-7164
2193
-1378
-4160
-12008
-20886
-15078
-7734
815
-16168
-20886
-22812
-15353
-59051
0
1
-59051
0
1
121
124
217
30
196
75
94
63
122
-4
113
43
45
-66
58
85
-128
2
-484
14012
9331
1350
-12936
4350
7990
-8064
244
13528
10681
-8586
-74
244
24209
-8660
15793
6
0
247
247
0
149
28
152
5
204
213
128
99
15
-117
1
-121
42
-107
102
-62
-57
69
-17433
28
-18392
210
-21828
21726
-7936
-5643
1035
-17405
-18182
-102
-13579
1035
-35587
-13681
-48233
4
1
-3015
0
0
174
196
160
98
238
223
215
98
160
-115
10
-116
39
-92
72
82
-86
-39
-20010
1960
-18560
3822
-21896
16056
17630
-8428
-6240
-18050
-14738
-5840
9202
-6240
-32788
3362
-35666
4
1
-2229
0
0
240
222
203
205
77
49
53
209
28
2
1
27
-128
40
-73
127
57
-49
480
222
5481
-26240
3080
-3577
6731
11913
-1372
702
-20759
-497
18644
-1372
-20057
18147
-3282
2
0
-820
-820
0
111
107
241
184
214
73
59
170
183
48
87
-57
84
-107
123
-69
-55
-110
5328
9309
-13737
15456
-22898
8979
-4071
-9350
-20130
14637
1719
-13919
-13421
-20130
16356
-27340
-31114
7
1
-243
0
0
135
212
191
62
31
193
245
1
24
-19
-2
100
-18
-3
-101
14
79
71
-2565
-424
19100
-1116
-93
-19493
3430
79
1704
-2989
17984
-19586
3509
1704
14995
-16077
622
4
1
39
39
0
73
50
215
158
36
16
32
16
187
-61
75
87
-108
-83
28
-102
88
-81
-4453
3750
18705
-17064
-2988
448
-3264
1408
-15147
-703
1641
-2540
-1856
-15147
938
-4396
-18605
1
0
-9302
-9302
0
122
90
171
98
137
67
6
140
129
-121
82
4
-34
-38
64
-3
-93
-74
-14762
7380
684
-3332
-5206
4288
-18
-13020
-9546
-7382
-2648
-918
-13038
-9546
-10030
-13956
-33532
5
0
-1048
-1048
0
73
109
169
235
162
138
139
85
103
-43
-15
31
-82
-89
-82
8
-70
11
-3139
-1635
5239
-19270
-14418
-11316
1112
-5950
1133
-4774
-14031
-25734
-4838
1133
-18805
-30572
-48244
6
0
-754
-754
0
190
181
128
125
17
47
161
152
18
26
112
-26
124
-7
-23
-92
41
-4
4940
20272
-3328
15500
-119
-1081
-14812
6232
-72
25212
12172
-1200
-8580
-72
37384
-9780
27532
0
0
27532
27532
0
96
103
99
127
133
144
176
133
113
-5
-37
-117
-85
51
-35
-52
88
98
-480
-3811
-11583
-10795
6783
-5040
-9152
11704
11074
-4291
-22378
1743
2552
11074
-26669
4295
-11300
3
1
-1412
0
0
154
82
47
113
9
215
39
168
99
37
77
47
97
107
-118
-85
-47
81
5698
6314
2209
10961
963
-25370
-3315
-7896
8019
12012
13170
-24407
-11211
8019
25182
-35618
-2417
5
0
-76
-76
0
220
63
253
99
115
236
127
173
194
115
-90
2
6
28
83
2
107
33
25300
-5670
506
594
3220
19588
254
18511
6402
19630
1100
22808
18765
6402
20730
41573
68705
0
1
68705
32767
1
200
23
157
80
96
203
97
87
90
104
-23
-90
50
-98
59
-29
-74
61
20800
-529
-14130
4000
-9408
11977
-2813
-6438
5490
20271
-10130
2569
-9251
5490
10141
-6682
8949
3
1
1119
1119
0
20
145
194
255
201
155
114
254
223
-56
86
-102
-94
46
2
118
66
31
-1120
12470
-19788
-23970
9246
310
13452
16764
6913
11350
-43758
9556
30216
6913
-32408
39772
14277
4
1
892
892
0
235
29
58
16
30
231
148
161
124
-122
-46
91
69
-90
-29
84
-26
-87
-28670
-1334
5278
1104
-2700
-6699
12432
-4186
-10788
-30004
6382
-9399
8246
-10788
-23622
-1153
-35563
1
1
-17781
0
0
242
46
236
246
119
253
43
89
104
71
47
-5
-103
-4
-45
-40
51
122
17182
2162
-1180
-25338
-476
-11385
-1720
4539
12688
19344
-26518
-11861
2819
12688
-7174
-9042
-3528
3
0
-441
-441
0
75
78
165
192
80
142
194
4
39
63
-25
-52
-3
118
-39
-28
-37
-15
4725
-1950
-8580
-576
9440
-5538
-5432
-148
-585
2775
-9156
3902
-5580
-585
-6381
-1678
-8644
0
1
-8644
0
0
150
154
92
242
182
28
154
196
199
-29
0
-100
62
-35
117
-38
-74
-74
-4350
0
-9200
15004
-6370
3276
-5852
-14504
-14726
-4350
5804
-3094
-20356
-14726
1454
-23450
-36722
6
0
-574
-574
0
153
167
224
42
14
19
138
79
201
78
-66
54
114
113
-8
-33
-85
-97
11934
-11022
12096
4788
1582
-152
-4554
-6715
-19497
912
16884
1430
-11269
-19497
17796
-9839
-11540
7
0
-90
-90
0
245
16
228
96
51
32
65
25
31
35
-114
72
-114
-45
-24
60
-111
6
8575
-1824
16416
-10944
-2295
-768
3900
-2775
186
6751
5472
-3063
1125
186
12223
-1938
10471
2
0
2618
2618
0
237
151
198
112
91
236
228
61
123
58
60
-54
-105
-117
83
-28
40
-24
13746
9060
-10692
-11760
-10647
19588
-6384
2440
-2952
22806
-22452
8941
-3944
-2952
354
4997
2399
4
1
150
150
0
183
179
93
225
241
100
40
169
163
35
107
-111
-116
62
63
-2
-24
-50
6405
19153
-10323
-26100
14942
6300
-80
-4056
-8150
25558
-36423
21242
-4136
-8150
-10865
17106
-1909
5
1
-60
0
0
83
145
166
243
164
179
109
66
206
117
56
39
-20
-24
56
17
33
24
9711
8120
6474
-4860
-3936
10024
1853
2178
4944
17831
1614
6088
4031
4944
19445
10119
34508
2
0
8627
8627
0
14
192
101
37
39
84
153
93
224
12
122
-77
7
12
-56
-45
-116
-45
168
23424
-7777
259
468
-4704
-6885
-10788
-10080
23592
-7518
-4236
-17673
-10080
16074
-21909
-15915
5
0
-497
-497
0
70
58
253
75
157
129
130
63
155
-86
-39
100
-102
-48
78
-71
67
95
-6020
-2262
25300
-7650
-7536
10062
-9230
4221
14725
-8282
17650
2526
-5009
14725
9368
-2483
21610
6
0
338
338
0
50
238
251
183
248
222
238
123
209
-103
-54
-63
-120
43
-108
-36
-21
-19
-5150
-12852
-15813
-21960
10664
-23976
-8568
-2583
-3971
-18002
-37773
-13312
-11151
-3971
-55775
-24463
-84209
4
0
-5263
-5263
0
73
85
248
133
131
199
179
180
32
-25
76
21
95
119
-33
-95
77
34
-1825
6460
5208
12635
15589
-6567
-17005
13860
1088
4635
17843
9022
-3145
1088
22478
5877
29443
0
1
29443
29443
0
233
10
112
183
209
199
40
158
113
-106
38
74
-58
44
97
58
-124
-12
-24698
380
8288
-10614
9196
19303
2320
-19592
-1356
-24318
-2326
28499
-17272
-1356
-26644
11227
-16773
3
1
-2097
0
0
197
254
148
163
167
221
140
162
103
35
115
65
-104
9
4
-111
98
44
6895
29210
9620
-16952
1503
884
-15540
15876
4532
36105
-7332
2387
336
4532
28773
2723
36028
4
0
2252
2252
0
28
138
148
151
255
174
114
219
89
104
-110
-33
-27
-65
-100
113
125
17
2912
-15180
-4884
-4077
-16575
-17400
12882
27375
1513
-12268
-8961
-33975
40257
1513
-21229
6282
-13434
0
0
-13434
-13434
0
76
220
88
7
142
238
243
92
200
-5
-111
-93
-105
-88
-69
-122
-60
87
-380
-24420
-8184
-735
-12496
-16422
-29646
-5520
17400
-24800
-8919
-28918
-35166
17400
-33719
-64084
-80403
5
1
-2513
0
0
203
77
86
161
25
172
188
107
195
30
120
3
80
91
99
-103
11
95
6090
9240
258
12880
2275
17028
-19364
1177
18525
15330
13138
19303
-18187
18525
28468
1116
48109
4
1
3007
3007
0
154
214
69
141
53
118
240
23
241
-90
126
40
60
-66
126
-8
124
-59
-13860
26964
2760
8460
-3498
14868
-1920
2852
-14219
13104
11220
11370
932
-14219
24324
12302
22407
3
1
2801
2801
0
20
204
165
178
254
44
106
250
152
-48
71
-15
33
44
-84
-54
110
-61
-960
14484
-2475
5874
11176
-3696
-5724
27500
-9272
13524
3399
7480
21776
-9272
16923
29256
36907
0
0
36907
32767
1
159
110
212
19
77
128
47
194
242
-32
-75
9
-33
-64
-94
-113
-24
111
-5088
-8250
1908
-627
-4928
-12032
-5311
-4656
26862
-13338
1281
-16960
-9967
26862
-12057
-26927
-12122
7
1
-95
0
0
215
165
3
57
152
181
92
246
208
-29
-100
100
-28
80
24
-113
107
-52
-6235
-16500
300
-1596
12160
4344
-10396
26322
-10816
-22735
-1296
16504
15926
-10816
-24031
32430
-2417
3
1
-302
0
0
196
53
248
226
235
216
87
230
52
-91
96
-99
-103
103
34
35
-81
9
-17836
5088
-24552
-23278
24205
7344
3045
-18630
468
-12748
-47830
31549
-15585
468
-60578
15964
-44146
2
0
-11036
-11036
0
191
20
144
199
176
63
16
120
7
21
-82
-58
90
97
-57
16
66
109
4011
-1640
-8352
17910
17072
-3591
256
7920
763
2371
9558
13481
8176
763
11929
21657
34349
5
1
1073
1073
0
76
43
112
93
125
188
205
38
194
-13
-35
-21
3
84
-6
118
124
37
-988
-1505
-2352
279
10500
-1128
24190
4712
7178
-2493
-2073
9372
28902
7178
-4566
38274
40886
6
0
639
639
0
149
87
50
104
24
119
102
12
49
125
-119
-33
18
110
-98
2
126
-7
18625
-10353
-1650
1872
2640
-11662
204
1512
-343
8272
222
-9022
1716
-343
8494
-7306
845
5
1
26
26
0
18
206
37
152
100
131
229
195
227
-30
15
-105
68
9
67
-104
-32
20
-540
3090
-3885
10336
900
8777
-23816
-6240
4540
2550
6451
9677
-30056
4540
9001
-20379
-6838
2
0
-1709
-1709
0
205
151
101
36
36
2
77
235
112
22
-23
-12
117
-97
107
-61
-110
-118
4510
-3473
-1212
4212
-3492
214
-4697
-25850
-13216
1037
3000
-3278
-30547
-13216
4037
-33825
-43004
4
0
-2688
-2688
0
248
28
6
105
93
187
181
165
186
-79
-124
94
-28
3
127
-128
-19
51
-19592
-3472
564
-2940
279
23749
-23168
-3135
9486
-23064
-2376
24028
-26303
9486
-25440
-2275
-18229
5
1
-570
0
0
186
226
66
102
218
195
121
103
144
-120
-90
48
80
21
-18
-9
-26
-106
-22320
-20340
3168
8160
4578
-3510
-1089
-2678
-15264
-42660
11328
1068
-3767
-15264
-31332
-2699
-49295
0
0
-49295
-32768
1
216
184
32
63
1
99
75
163
136
74
99
-12
-46
-81
55
-120
-69
-28
15984
18216
-384
-2898
-81
5445
-9000
-11247
-3808
34200
-3282
5364
-20247
-3808
30918
-14883
12227
0
1
12227
12227
0
2
115
102
163
12
40
207
178
242
43
-97
-29
-109
-44
19
1
35
3
86
-11155
-2958
-17767
-528
760
207
6230
726
-11069
-20725
232
6437
726
-31794
6669
-24399
0
1
-24399
0
0
144
154
101
197
126
223
88
69
236
1
-123
-32
-97
93
-28
40
-86
-83
144
-18942
-3232
-19109
11718
-6244
3520
-5934
-19588
-18798
-22341
5474
-2414
-19588
-41139
3060
-57667
6
0
-901
-901
0
1
207
247
181
211
163
87
65
17
-107
-53
2
77
58
122
78
6
-122
-107
-10971
494
13937
12238
19886
6786
390
-2074
-11078
14431
32124
7176
-2074
3353
39300
40579
2
1
10145
10145
0
4
140
228
50
86
178
184
8
5
-14
61
-96
-108
35
-13
83
47
-65
-56
8540
-21888
-5400
3010
-2314
15272
376
-325
8484
-27288
696
15648
-325
-18804
16344
-2785
5
0
-87
-87
0
125
143
252
53
166
61
226
136
117
-122
-76
-124
-49
45
55
120
44
-87
-15250
-10868
-31248
-2597
7470
3355
27120
5984
-10179
-26118
-33845
10825
33104
-10179
-59963
43929
-26213
1
0
-13106
-13106
0
234
94
81
238
65
77
240
222
186
32
-122
57
-33
75
-5
46
-61
-66
7488
-11468
4617
-7854
4875
-385
11040
-13542
-12276
-3980
-3237
4490
-2502
-12276
-7217
1988
-17505
5
1
-547
0
0
116
161
179
32
237
29
142
197
13
-90
33
84
120
102
-121
-105
70
107
-10440
5313
15036
3840
24174
-3509
-14910
13790
1391
-5127
18876
20665
-1120
1391
13749
19545
34685
7
0
271
271
0
154
199
227
166
69
235
207
216
239
126
124
20
-87
29
74
-44
11
-111
19404
24676
4540
-14442
2001
17390
-9108
2376
-26529
44080
-9902
19391
-6732
-26529
34178
12659
20308
6
0
317
317
0
122
202
120
140
50
198
150
11
48
9
-124
-58
37
-8
59
-67
-78
-106
1098
-25048
-6960
5180
-400
11682
-10050
-858
-5088
-23950
-1780
11282
-10908
-5088
-25730
374
-30444
6
0
-476
-476
0
7
246
176
157
74
205
227
186
76
-89
17
103
106
102
109
-93
-109
-50
-623
4182
18128
16642
7548
22345
-21111
-20274
-3800
3559
34770
29893
-41385
-3800
38329
-11492
23037
1
1
11519
11519
0
50
228
126
97
177
154
181
207
102
62
13
111
-96
43
-32
8
-58
-100
3100
2964
13986
-9312
7611
-4928
1448
-12006
-10200
6064
4674
2683
-10558
-10200
10738
-7875
-7337
6
1
-115
0
0
157
193
35
162
7
0
107
78
181
-98
47
114
-100
55
-76
65
-33
22
-15386
9071
3990
-16200
385
0
6955
-2574
3982
-6315
-12210
385
4381
3982
-18525
4766
-9777
0
1
-9777
0
0
214
48
174
92
32
0
193
162
162
111
-83
-56
8
-57
55
1
-118
-34
23754
-3984
-9744
736
-1824
0
193
-19116
-5508
19770
-9008
-1824
-18923
-5508
10762
-20747
-15493
2
1
-3873
0
0
72
57
124
124
122
58
244
139
6
5
90
-69
33
-29
-128
25
-88
106
360
5130
-8556
4092
-3538
-7424
6100
-12232
636
5490
-4464
-10962
-6132
636
1026
-17094
-15432
5
0
-482
-482
0
143
41
46
131
22
138
151
171
121
41
7
-24
74
-62
-22
58
53
-50
5863
287
-1104
9694
-1364
-3036
8758
9063
-6050
6150
8590
-4400
17821
-6050
14740
13421
22111
0
1
22111
22111
0
95
210
103
5
109
211
58
89
186
-62
47
-74
27
29
63
-83
-27
104
-5890
9870
-7622
135
3161
13293
-4814
-2403
19344
3980
-7487
16454
-7217
19344
-3507
9237
25074
0
0
25074
25074
0
0
202
33
29
41
35
93
246
194
83
74
-127
-77
-7
-121
22
67
28
0
14948
-4191
-2233
-287
-4235
2046
16482
5432
14948
-6424
-4522
18528
5432
8524
14006
27962
6
0
437
437
0
27
255
41
182
117
65
40
206
18
-88
-39
-12
-81
-108
124
92
66
-32
-2376
-9945
-492
-14742
-12636
8060
3680
13596
-576
-12321
-15234
-4576
17276
-576
-27555
12700
-15431
4
1
-964
0
0
42
140
224
182
110
14
251
1
245
90
-77
-108
-27
-26
81
117
102
-93
3780
-10780
-24192
-4914
-2860
1134
29367
102
-22785
-7000
-29106
-1726
29469
-22785
-36106
27743
-31148
2
1
-7787
0
0
0
128
114
180
100
15
45
229
109
48
69
106
-82
-112
88
-89
-100
90
0
8832
12084
-14760
-11200
1320
-4005
-22900
9810
8832
-2676
-9880
-26905
9810
6156
-36785
-20819
6
1
-325
0
0
179
199
205
96
233
178
153
173
92
-55
62
-8
-49
-117
33
27
-28
62
-9845
12338
-1640
-4704
-27261
5874
4131
-4844
5704
2493
-6344
-21387
-713
5704
-3851
-22100
-20247
1
0
-10123
-10123
0
131
151
58
136
189
131
1
226
11
-16
48
-50
-51
-65
3
25
6
101
-2096
7248
-2900
-6936
-12285
393
25
1356
1111
5152
-9836
-11892
1381
1111
-4684
-10511
-14084
1
1
-7042
0
0
25
137
125
154
69
245
251
216
20
-17
-39
34
89
99
-19
-116
-80
-100
-425
-5343
4250
13706
6831
-4655
-29116
-17280
-2000
-5768
17956
2176
-46396
-2000
12188
-44220
-34032
2
1
-8508
0
0
114
90
185
66
236
49
36
71
169
77
63
-93
-68
114
100
-82
42
79
8778
5670
-17205
-4488
26904
4900
-2952
2982
13351
14448
-21693
31804
30
13351
-7245
31834
37940
3
1
4743
4743
0
41
172
159
100
63
99
161
243
15
114
-101
6
-55
-85
-60
83
42
-65
4674
-17372
954
-5500
-5355
-5940
13363
10206
-975
-12698
-4546
-11295
23569
-975
-17244
12274
-5945
5
0
-186
-186
0
196
42
240
206
50
89
219
162
77
3
-87
21
-104
120
60
46
-22
-108
588
-3654
5040
-21424
6000
5340
10074
-3564
-8316
-3066
-16384
11340
6510
-8316
-19450
17850
-9916
4
1
-620
0
0
23
213
75
220
47
168
234
128
41
-24
-21
22
53
-115
35
-12
-74
88
-552
-4473
1650
11660
-5405
5880
-2808
-9472
3608
-5025
13310
475
-12280
3608
8285
-11805
88
6
1
1
1
0
19
129
209
67
102
213
111
97
0
110
106
-123
-59
-116
115
59
108
1
2090
13674
-25707
-3953
-11832
24495
6549
10476
0
15764
-29660
12663
17025
0
-13896
29688
15792
3
0
1974
1974
0
89
43
91
191
123
96
68
21
119
63
124
-110
79
21
-10
-40
-66
-62
5607
5332
-10010
15089
2583
-960
-2720
-1386
-7378
10939
5079
1623
-4106
-7378
16018
-2483
6157
3
1
770
770
0
138
219
9
106
178
134
242
53
60
-95
-108
-101
-113
-82
45
108
81
-37
-13110
-23652
-909
-11978
-14596
6030
26136
4293
-2220
-36762
-12887
-8566
30429
-2220
-49649
21863
-30006
5
0
-938
-938
0
221
7
59
125
58
234
30
195
61
119
-86
91
99
85
-40
112
-55
85
26299
-602
5369
12375
4930
-9360
3360
-10725
5185
25697
17744
-4430
-7365
5185
43441
-11795
36831
4
1
2302
2302
0
62
34
227
82
254
246
138
206
72
-90
14
127
-53
-84
-101
-84
-18
72
-5580
476
28829
-4346
-21336
-24846
-11592
-3708
5184
-5104
24483
-46182
-15300
5184
19379
-61482
-36919
2
0
-9230
-9230
0
69
241
177
12
66
73
16
15
107
116
-80
23
-25
89
44
124
-43
-71
8004
-19280
4071
-300
5874
3212
1984
-645
-7597
-11276
3771
9086
1339
-7597
-7505
10425
-4677
7
1
-37
0
0
191
168
232
16
61
102
215
220
22
-73
-102
69
-121
-126
-110
-115
67
-125
-13943
-17136
16008
-1936
-7686
-11220
-24725
14740
-2750
-31079
14072
-18906
-9985
-2750
-17007
-28891
-48648
6
0
-760
-760
0
155
123
3
244
99
145
249
176
71
111
74
28
16
-45
-42
-53
-122
32
17205
9102
84
3904
-4455
-6090
-13197
-21472
2272
26307
3988
-10545
-34669
2272
30295
-45214
-12647
1
0
-6323
-6323
0
10
80
31
72
242
242
254
81
205
-54
87
21
-38
115
-59
-111
124
107
-540
6960
651
-2736
27830
-14278
-28194
10044
21935
6420
-2085
13552
-18150
21935
4335
-4598
21672
6
1
339
339
0
83
121
136
16
87
74
120
94
213
-29
105
-39
-77
81
49
81
123
-74
-2407
12705
-5304
-1232
7047
3626
9720
11562
-15762
10298
-6536
10673
21282
-15762
3762
31955
19955
6
1
312
312
0
18
4
120
128
195
29
196
74
212
-6
-91
1
44
-125
62
-8
-105
-99
-108
-364
120
5632
-24375
1798
-1568
-7770
-20988
-472
5752
-22577
-9338
-20988
5280
-31915
-47623
1
1
-23811
0
0
236
101
178
142
93
246
70
20
208
78
-101
64
-24
16
-96
39
31
94
18408
-10201
11392
-3408
1488
-23616
2730
620
19552
8207
7984
-22128
3350
19552
16191
-18778
16965
2
1
4241
4241
0
226
226
103
90
8
10
202
12
128
81
56
65
-41
101
3
12
-60
-40
18306
12656
6695
-3690
808
30
2424
-720
-5120
30962
3005
838
1704
-5120
33967
2542
31389
5
0
981
981
0
45
231
112
226
173
201
250
193
9
72
-124
69
-106
10
-94
98
-125
15
3240
-28644
7728
-23956
1730
-18894
24500
-24125
135
-25404
-16228
-17164
375
135
-41632
-16789
-58286
5
1
-1821
0
0
11
145
1
24
0
50
210
218
36
123
-19
121
61
9
-97
36
94
-122
1353
-2755
121
1464
0
-4850
7560
20492
-4392
-1402
1585
-4850
28052
-4392
183
23202
18993
7
1
148
148
0
15
77
210
82
170
34
223
206
164
84
30
-88
22
-88
19
35
60
16
1260
2310
-18480
1804
-14960
646
7805
12360
2624
3570
-16676
-14314
20165
2624
-13106
5851
-4631
3
0
-579
-579
0
58
50
35
92
164
88
81
70
17
118
-51
-67
23
110
-15
-119
20
-80
6844
-2550
-2345
2116
18040
-1320
-9639
1400
-1360
4294
-229
16720
-8239
-1360
4065
8481
11186
3
0
1398
1398
0
120
134
148
219
50
162
149
168
135
-86
104
31
-37
59
-48
-94
5
-84
-10320
13936
4588
-8103
2950
-7776
-14006
840
-11340
3616
-3515
-4826
-13166
-11340
101
-17992
-29231
2
1
-7308
0
0
214
127
103
99
124
212
169
215
216
119
-9
56
-36
51
45
8
103
-53
25466
-1143
5768
-3564
6324
9540
1352
22145
-11448
24323
2204
15864
23497
-11448
26527
39361
54440
6
0
851
851
0
136
18
110
179
48
67
254
56
95
1
42
65
119
-69
23
116
59
5
136
756
7150
21301
-3312
1541
29464
3304
475
892
28451
-1771
32768
475
29343
30997
60815
6
1
950
950
0
69
6
25
160
228
57
214
61
126
-91
-71
-102
65
42
-59
-46
88
69
-6279
-426
-2550
10400
9576
-3363
-9844
5368
8694
-6705
7850
6213
-4476
8694
1145
1737
11576
3
1
1447
1447
0
92
95
160
153
178
177
58
86
203
-72
101
-25
67
101
-35
-83
122
69
-6624
9595
-4000
10251
17978
-6195
-4814
10492
14007
2971
6251
11783
5678
14007
9222
17461
40690
4
1
2543
2543
0
122
150
62
56
57
107
206
73
155
-26
-114
59
97
-16
2
12
-50
65
-3172
-17100
3658
5432
-912
214
2472
-3650
10075
-20272
9090
-698
-1178
10075
-11182
-1876
-2983
6
1
-47
0
0
203
224
23
112
151
243
45
5
31
-5
-81
-33
6
28
102
-76
125
49
-1015
-18144
-759
672
4228
24786
-3420
625
1519
-19159
-87
29014
-2795
1519
-19246
26219
8492
3
1
1062
1062
0
9
166
9
51
43
192
69
95
68
62
59
85
46
-87
-96
17
-10
-44
558
9794
765
2346
-3741
-18432
1173
-950
-2992
10352
3111
-22173
223
-2992
13463
-21950
-11479
2
0
-2870
-2870
0
111
174
113
195
207
171
183
17
117
105
-32
-12
57
-71
-63
81
-88
26
11655
-5568
-1356
11115
-14697
-10773
14823
-1496
3042
6087
9759
-25470
13327
3042
15846
-12143
6745
6
1
105
105
0
190
87
21
118
213
233
143
38
20
-84
-75
-16
-42
-41
-86
-67
39
77
-15960
-6525
-336
-4956
-8733
-20038
-9581
1482
1540
-22485
-5292
-28771
-8099
1540
-27777
-36870
-63107
4
0
-3944
-3944
0
149
204
244
64
10
6
80
255
15
62
-93
37
36
36
-90
-8
98
49
9238
-18972
9028
2304
360
-540
-640
24990
735
-9734
11332
-180
24350
735
1598
24170
26503
4
1
1656
1656
0
199
33
141
74
129
158
81
119
64
58
-26
42
61
-125
-106
117
-30
33
11542
-858
5922
4514
-16125
-16748
9477
-3570
2112
10684
10436
-32873
5907
2112
21120
-26966
-3734
0
0
-3734
-3734
0
18
38
116
185
240
49
193
78
193
-103
-12
98
-125
77
13
-120
59
-17
-1854
-456
11368
-23125
18480
637
-23160
4602
-3281
-2310
-11757
19117
-18558
-3281
-14067
559
-16789
1
1
-8394
0
0
115
192
108
147
104
210
91
129
97
75
-126
-83
-71
-125
-34
107
-37
32
8625
-24192
-8964
-10437
-13000
-7140
9737
-4773
3104
-15567
-19401
-20140
4964
3104
-34968
-15176
-47040
4
0
-2940
-2940
0
155
38
143
128
143
2
21
68
116
32
57
-21
126
68
108
60
72
-95
4960
2166
-3003
16128
9724
216
1260
4896
-11020
7126
13125
9940
6156
-11020
20251
16096
25327
5
1
791
791
0
178
162
237
125
51
241
84
141
164
14
53
24
-40
117
-66
-3
80
58
2492
8586
5688
-5000
5967
-15906
-252
11280
9512
11078
688
-9939
11028
9512
11766
1089
22367
3
0
2796
2796
0
38
53
227
236
204
175
79
94
229
-127
29
-21
43
-42
31
-11
-96
40
-4826
1537
-4767
10148
-8568
5425
-869
-9024
9160
-3289
5381
-3143
-9893
9160
2092
-13036
-1784
5
0
-56
-56
0
222
220
100
97
99
217
58
166
54
-19
-125
-109
-54
-117
6
59
-85
-106
-4218
-27500
-10900
-5238
-11583
1302
3422
-14110
-5724
-31718
-16138
-10281
-10688
-5724
-47856
-20969
-74549
0
0
-74549
-32768
1
169
139
93
23
91
241
125
179
178
-59
-127
5
108
116
117
-89
22
103
-9971
-17653
465
2484
10556
28197
-11125
3938
18334
-27624
2949
38753
-7187
18334
-24675
31566
25225
3
0
3153
3153
0
13
67
57
142
109
75
26
189
215
-78
-27
-60
-68
-79
6
110
-78
-59
-1014
-1809
-3420
-9656
-8611
450
2860
-14742
-12685
-2823
-13076
-8161
-11882
-12685
-15899
-20043
-48627
7
0
-380
-380
0
92
103
178
148
16
91
85
146
184
21
127
85
-119
-35
-57
21
28
62
1932
13081
15130
-17612
-560
-5187
1785
4088
11408
15013
-2482
-5747
5873
11408
12531
126
24065
1
0
12033
12033
0
65
193
139
163
37
155
0
75
133
18
-10
114
-58
124
112
104
-126
-30
1170
-1930
15846
-9454
4588
17360
0
-9450
-3990
-760
6392
21948
-9450
-3990
5632
12498
14140
7
0
110
110
0
0
62
15
19
225
222
222
177
115
-99
-117
120
-52
-78
48
-81
23
-122
0
-7254
1800
-988
-17550
10656
-17982
4071
-14030
-7254
812
-6894
-13911
-14030
-6442
-20805
-41277
7
0
-322
-322
0
176
102
240
11
7
105
107
220
137
6
125
-90
8
47
-110
-79
7
-44
1056
12750
-21600
88
329
-11550
-8453
1540
-6028
13806
-21512
-11221
-6913
-6028
-7706
-18134
-31868
7
1
-249
0
0
196
103
254
21
214
78
131
193
50
-45
73
-50
85
100
-113
-112
121
59
-8820
7519
-12700
1785
21400
-8814
-14672
23353
2950
-1301
-10915
12586
8681
2950
-12216
21267
12001
1
0
6001
6001
0
48
35
115
4
117
255
116
94
135
-39
-124
53
70
-88
94
-57
0
82
-1872
-4340
6095
280
-10296
23970
-6612
0
11070
-6212
6375
13674
-6612
11070
163
7062
18295
6
0
286
286
0
68
253
60
191
157
170
150
245
71
-28
-118
-85
7
-91
4
15
-23
-61
-1904
-29854
-5100
1337
-14287
680
2250
-5635
-4331
-31758
-3763
-13607
-3385
-4331
-35521
-16992
-56844
0
0
-56844
-32768
1
212
190
12
123
53
12
209
158
29
-92
-34
79
-101
-103
-32
96
17
120
-19504
-6460
948
-12423
-5459
-384
20064
2686
3480
-25964
-11475
-5843
22750
3480
-37439
16907
-17052
0
1
-17052
0
0
178
203
84
235
48
52
81
112
169
42
-118
-8
112
-74
-45
46
122
-16
7476
-23954
-672
26320
-3552
-2340
3726
13664
-2704
-16478
25648
-5892
17390
-2704
9170
11498
17964
4
0
1123
1123
0
203
87
40
197
29
223
76
124
236
94
78
-57
52
-89
-63
119
50
14
19082
6786
-2280
10244
-2581
-14049
9044
6200
3304
25868
7964
-16630
15244
3304
33832
-1386
35750
4
1
2234
2234
0
166
185
148
111
13
0
36
176
3
-57
37
-40
-45
77
23
-92
-59
-10
-9462
6845
-5920
-4995
1001
0
-3312
-10384
-30
-2617
-10915
1001
-13696
-30
-13532
-12695
-26257
1
1
-13128
0
0
212
106
248
197
171
122
245
23
219
107
-18
-68
67
96
94
90
62
121
22684
-1908
-16864
13199
16416
11468
22050
1426
26499
20776
-3665
27884
23476
26499
17111
51360
94970
3
0
11871
11871
0
136
71
139
60
214
7
111
156
24
85
-62
-110
66
-38
15
-126
14
-103
11560
-4402
-15290
3960
-8132
105
-13986
2184
-2472
7158
-11330
-8027
-11802
-2472
-4172
-19829
-26473
2
1
-6618
0
0
143
181
7
75
196
45
125
5
237
-90
-85
101
60
5
107
9
60
-14
-12870
-15385
707
4500
980
4815
1125
300
-3318
-28255
5207
5795
1425
-3318
-23048
7220
-19146
5
1
-598
0
0
169
233
19
43
58
144
247
178
242
-112
54
2
-78
52
62
57
63
-121
-18928
12582
38
-3354
3016
8928
14079
11214
-29282
-6346
-3316
11944
25293
-29282
-9662
37237
-1707
4
0
-107
-107
0
152
211
238
4
101
3
93
165
216
40
10
115
7
-69
-10
-10
56
10
6080
2110
27370
28
-6969
-30
-930
9240
2160
8190
27398
-6999
8310
2160
35588
1311
39059
3
0
4882
4882
0
125
86
72
133
71
136
36
103
160
-127
113
29
-40
-60
19
26
62
-95
-15875
9718
2088
-5320
-4260
2584
936
6386
-15200
-6157
-3232
-1676
7322
-15200
-9389
5646
-18943
0
0
-18943
-18943
0
124
246
58
95
231
170
143
185
245
34
-86
-94
35
65
-52
90
49
-102
4216
-21156
-5452
3325
15015
-8840
12870
9065
-24990
-16940
-2127
6175
21935
-24990
-19067
28110
-15947
2
0
-3987
-3987
0
173
14
56
136
238
27
45
24
54
79
118
76
-105
86
79
37
23
104
13667
1652
4256
-14280
20468
2133
1665
552
5616
15319
-10024
22601
2217
5616
5295
24818
35729
0
1
35729
32767
1
69
199
105
58
154
7
200
178
224
-109
118
60
57
-21
125
11
-55
-52
-7521
23482
6300
3306
-3234
875
2200
-9790
-11648
15961
9606
-2359
-7590
-11648
25567
-9949
3970
7
1
31
31
0
193
166
248
67
92
15
166
228
197
119
-105
99
62
88
63
-122
-36
20
22967
-17430
24552
4154
8096
945
-20252
-8208
3940
5537
28706
9041
-28460
3940
34243
-19419
18764
2
1
4691
4691
0
132
136
33
182
3
25
85
231
242
-98
-89
-81
-79
10
109
24
126
17
-12936
-12104
-2673
-14378
30
2725
2040
29106
4114
-25040
-17051
2755
31146
4114
-42091
33901
-4076
7
1
-32
0
0
113
15
249
92
143
170
39
160
18
-116
29
82
105
75
69
-79
-55
99
-13108
435
20418
9660
10725
11730
-3081
-8800
1782
-12673
30078
22455
-11881
1782
17405
10574
29761
2
0
7440
7440
0
153
86
20
183
56
173
65
223
173
27
-36
85
-27
2
7
-54
44
30
4131
-3096
1700
-4941
112
1211
-3510
9812
5190
1035
-3241
1323
6302
5190
-2206
7625
10609
1
1
5305
5305
0
44
100
136
4
141
232
239
255
6
-66
-51
55
22
36
-30
-8
-24
-84
-2904
-5100
7480
88
5076
-6960
-1912
-6120
-504
-8004
7568
-1884
-8032
-504
-436
-9916
-10856
1
0
-5428
-5428
0
95
211
210
241
91
128
38
10
144
-108
31
-124
-101
42
-45
-51
80
-47
-10260
6541
-26040
-24341
3822
-5760
-1938
800
-6768
-3719
-50381
-1938
-1138
-6768
-54100
-3076
-63944
3
1
-7993
0
0
83
30
166
35
199
101
86
195
183
-41
42
-58
-7
46
-105
109
-47
78
-3403
1260
-9628
-245
9154
-10605
9374
-9165
14274
-2143
-9873
-1451
209
14274
-12016
-1242
1016
1
0
508
508
0
142
251
235
11
250
121
246
254
192
56
-109
118
-58
-73
-7
-23
-47
-11
7952
-27359
27730
-638
-18250
-847
-5658
-11938
-2112
-19407
27092
-19097
-17596
-2112
7685
-36693
-31120
1
0
-15560
-15560
0
199
64
117
103
198
208
118
74
60
80
113
-82
106
-91
88
-82
1
39
15920
7232
-9594
10918
-18018
18304
-9676
74
2340
23152
1324
286
-9602
2340
24476
-9316
17500
3
0
2188
2188
0
94
190
216
48
136
148
197
143
22
75
103
55
6
18
80
-1
-35
8
7050
19570
11880
288
2448
11840
-197
-5005
176
26620
12168
14288
-5202
176
38788
9086
48050
1
1
24025
24025
0
206
80
117
199
5
70
139
5
93
-78
-66
-81
96
35
97
0
-80
109
-16068
-5280
-9477
19104
175
6790
0
-400
10137
-21348
9627
6965
-400
10137
-11721
6565
4981
2
1
1245
1245
0
182
107
96
247
233
187
120
227
36
-76
110
15
119
-8
-119
-114
-29
-87
-13832
11770
1440
29393
-1864
-22253
-13680
-6583
-3132
-2062
30833
-24117
-20263
-3132
28771
-44380
-18741
1
0
-9370
-9370
0
114
81
185
228
142
255
131
129
26
99
56
80
-86
-49
27
-5
-20
18
11286
4536
14800
-19608
-6958
6885
-655
-2580
468
15822
-4808
-73
-3235
468
11014
-3308
8174
3
1
1022
1022
0
191
230
177
166
129
40
166
84
72
16
-91
40
55
-37
-88
80
-13
120
3056
-20930
7080
9130
-4773
-3520
13280
-1092
8640
-17874
16210
-8293
12188
8640
-1664
3895
10871
2
0
2718
2718
0
250
252
115
241
111
114
232
198
98
-84
16
113
-19
89
33
103
-97
70
-21000
4032
12995
-4579
9879
3762
23896
-19206
6860
-16968
8416
13641
4690
6860
-8552
18331
16639
6
1
260
260
0
43
215
144
29
204
33
89
239
218
-77
-15
33
-113
-126
89
-84
100
64
-3311
-3225
4752
-3277
-25704
2937
-7476
23900
13952
-6536
1475
-22767
16424
13952
-5061
-6343
2548
4
1
159
159
0
183
67
111
254
133
171
14
233
111
-46
88
100
61
44
-42
121
-1
124
-8418
5896
11100
15494
5852
-7182
1694
-233
13764
-2522
26594
-1330
1461
13764
24072
131
37967
7
1
297
297
0
28
17
222
39
187
40
146
128
193
36
43
53
105
125
-41
75
74
75
1008
731
11766
4095
23375
-1640
10950
9472
14475
1739
15861
21735
20422
14475
17600
42157
74232
4
1
4640
4640
0
146
230
12
135
83
173
45
139
193
28
-1
-65
56
102
120
-85
-36
49
4088
-230
-780
7560
8466
20760
-3825
-5004
9457
3858
6780
29226
-8829
9457
10638
20397
40492
3
0
5062
5062
0
238
192
57
113
32
134
138
54
67
-22
31
101
108
-114
-45
18
104
-48
-5236
5952
5757
12204
-3648
-6030
2484
5616
-3216
716
17961
-9678
8100
-3216
18677
-1578
13883
5
1
434
434
0
136
13
255
191
104
151
207
129
59
56
-119
11
15
-3
-51
57
57
-110
7616
-1547
2805
2865
-312
-7701
11799
7353
-6490
6069
5670
-8013
19152
-6490
11739
11139
16388
0
1
16388
16388
0
223
161
155
182
97
185
247
72
103
91
-115
-96
95
-75
8
69
89
-93
20293
-18515
-14880
17290
-7275
1480
17043
6408
-9579
1778
2410
-5795
23451
-9579
4188
17656
12265
5
1
383
383
0
67
72
57
244
74
180
109
225
84
20
-78
15
26
-67
-71
-110
58
6
1340
-5616
855
6344
-4958
-12780
-11990
13050
504
-4276
7199
-17738
1060
504
2923
-16678
-13251
4
1
-828
0
0
219
61
73
194
63
196
164
164
163
-17
-65
5
-47
16
63
24
58
11
-3723
-3965
365
-9118
1008
12348
3936
9512
1793
-7688
-8753
13356
13448
1793
-16441
26804
12156
6
1
190
190
0
71
181
173
7
196
73
48
190
39
-50
91
85
-107
39
87
-94
33
-96
-3550
16471
14705
-749
7644
6351
-4512
6270
-3744
12921
13956
13995
1758
-3744
26877
15753
38886
6
0
608
608
0
148
68
231
195
239
252
24
192
111
27
-98
-109
-33
-4
-44
91
113
36
3996
-6664
-25179
-6435
-956
-11088
2184
21696
3996
-2668
-31614
-12044
23880
3996
-34282
11836
-18450
1
0
-9225
-9225
0
48
231
253
178
107
161
167
227
116
40
117
76
47
-69
118
-73
63
-119
1920
27027
19228
8366
-7383
18998
-12191
14301
-13804
28947
27594
11615
2110
-13804
56541
13725
56462
6
1
882
882
0
209
92
226
233
186
154
182
36
94
94
-68
-85
-46
70
-120
23
29
-71
19646
-6256
-19210
-10718
13020
-18480
4186
1044
-6674
13390
-29928
-5460
5230
-6674
-16538
-230
-23442
3
0
-2930
-2930
0
169
45
152
240
105
45
201
185
6
-98
24
-41
85
5
96
-124
-67
-109
-16562
1080
-6232
20400
525
4320
-24924
-12395
-654
-15482
14168
4845
-37319
-654
-1314
-32474
-34442
0
0
-34442
-32768
1
133
78
109
220
42
7
135
244
206
102
-28
-39
-57
25
100
8
-58
-88
13566
-2184
-4251
-12540
1050
700
1080
-14152
-18128
11382
-16791
1750
-13072
-18128
-5409
-11322
-34859
2
1
-8715
0
0
127
64
110
71
52
6
232
152
196
58
-87
78
23
11
-125
88
18
-93
7366
-5568
8580
1633
572
-750
20416
2736
-18228
1798
10213
-178
23152
-18228
12011
22974
16757
3
0
2095
2095
0
98
35
148
93
97
17
231
142
123
30
-11
-51
-104
-35
-35
-13
45
-105
2940
-385
-7548
-9672
-3395
-595
-3003
6390
-12915
2555
-17220
-3990
3387
-12915
-14665
-603
-28183
0
0
-28183
-28183
0
22
195
110
181
193
107
177
6
199
66
63
83
-29
-11
-62
-93
-9
16
1452
12285
9130
-5249
-2123
-6634
-16461
-54
3184
13737
3881
-8757
-16515
3184
17618
-25272
-4470
4
0
-279
-279
0
217
238
37
169
97
147
72
121
16
52
36
83
-3
-59
-82
103
-109
120
11284
8568
3071
-507
-5723
-12054
7416
-13189
1920
19852
2564
-17777
-5773
1920
22416
-23550
786
0
0
786
786
0
125
151
52
193
203
219
184
195
45
63
-46
-27
-117
-113
15
119
-27
-38
7875
-6946
-1404
-22581
-22939
3285
21896
-5265
-1710
929
-23985
-19654
16631
-1710
-23056
-3023
-27789
3
1
-3474
0
0
239
127
109
60
112
81
156
228
146
-105
20
-75
77
56
-64
-46
-14
-68
-25095
2540
-8175
4620
6272
-5184
-7176
-3192
-9928
-22555
-3555
1088
-10368
-9928
-26110
-9280
-45318
1
0
-22659
-22659
0
221
134
35
117
162
102
32
180
84
69
-124
-41
92
-111
55
120
34
74
15249
-16616
-1435
10764
-17982
5610
3840
6120
6216
-1367
9329
-12372
9960
6216
7962
-2412
11766
1
0
5883
5883
0
105
88
214
179
226
31
213
199
233
-27
-117
-60
11
86
-7
-4
127
-68
-2835
-10296
-12840
1969
19436
-217
-852
25273
-15844
-13131
-10871
19219
24421
-15844
-24002
43640
3794
1
0
1897
1897
0
252
245
251
68
254
0
148
170
101
-78
-3
40
-39
125
-86
-60
-106
-97
-19656
-735
10040
-2652
31750
0
-8880
-18020
-9797
-20391
7388
31750
-26900
-9797
-13003
4850
-17950
4
0
-1122
-1122
0
103
38
103
250
169
220
145
191
250
30
121
63
-65
58
111
-3
-4
-9
3090
4598
6489
-16250
9802
24420
-435
-764
-2250
7688
-9761
34222
-1199
-2250
-2073
33023
28700
7
1
224
224
0
122
4
36
77
214
146
222
155
70
-116
115
49
42
-47
27
-4
-98
4
-14152
460
1764
3234
-10058
3942
-888
-15190
280
-13692
4998
-6116
-16078
280
-8694
-22194
-30608
5
0
-956
-956
0
130
230
18
217
57
113
152
152
83
-110
-33
-81
48
81
28
-26
104
-117
-14300
-7590
-1458
10416
4617
3164
-3952
15808
-9711
-21890
8958
7781
11856
-9711
-12932
19637
-3006
7
1
-23
0
0
150
189
106
220
198
120
66
64
84
-34
100
-23
-105
104
-77
-94
-86
82
-5100
18900
-2438
-23100
20592
-9240
-6204
-5504
6888
13800
-25538
11352
-11708
6888
-11738
-356
-5206
7
1
-41
0
0
69
13
90
251
241
77
105
43
183
37
-11
83
99
-79
85
75
-15
-61
2553
-143
7470
24849
-19039
6545
7875
-645
-11163
2410
32319
-12494
7230
-11163
34729
-5264
18302
7
1
143
143
0
14
91
216
109
115
183
152
127
129
-58
-61
-55
117
12
-44
-83
50
-119
-812
-5551
-11880
12753
1380
-8052
-12616
6350
-15351
-6363
873
-6672
-6266
-15351
-5490
-12938
-33779
1
1
-16889
0
0
208
105
73
210
38
62
175
40
26
40
-104
95
-63
42
80
107
-123
-42
8320
-10920
6935
-13230
1596
4960
18725
-4920
-1092
-2600
-6295
6556
13805
-1092
-8895
20361
10374
2
0
2594
2594
0
46
237
181
234
130
121
84
223
45
-19
-48
-69
121
43
20
-25
-35
-87
-874
-11376
-12489
28314
5590
2420
-2100
-7805
-3915
-12250
15825
8010
-9905
-3915
3575
-1895
-2235
5
0
-70
-70
0
18
210
117
70
11
26
172
72
171
116
1
-67
2
35
-35
8
-84
-120
2088
210
-7839
140
385
-910
1376
-6048
-20520
2298
-7699
-525
-4672
-20520
-5401
-5197
-31118
4
0
-1945
-1945
0
127
32
246
197
197
23
166
134
121
72
-45
-72
93
95
-52
-64
108
-98
9144
-1440
-17712
18321
18715
-1196
-10624
14472
-11858
7704
609
17519
3848
-11858
8313
21367
17822
7
0
139
139
0
77
44
171
182
189
2
178
221
255
-75
-116
-53
83
-92
-28
115
7
43
-5775
-5104
-9063
15106
-17388
-56
20470
1547
10965
-10879
6043
-17444
22017
10965
-4836
4573
10702
3
1
1338
1338
0
158
53
148
116
228
144
43
27
162
34
7
-20
-25
-39
40
101
49
81
5372
371
-2960
-2900
-8892
5760
4343
1323
13122
5743
-5860
-3132
5666
13122
-117
2534
15539
4
0
971
971
0
223
25
179
140
212
188
208
82
140
30
-76
30
19
-105
44
38
-42
26
6690
-1900
5370
2660
-22260
8272
7904
-3444
3640
4790
8030
-13988
4460
3640
12820
-9528
6932
0
1
6932
6932
0
183
162
240
23
29
122
50
62
193
75
-116
-47
-98
86
92
2
-75
-60
13725
-18792
-11280
-2254
2494
11224
100
-4650
-11580
-5067
-13534
13718
-4550
-11580
-18601
9168
-21013
2
1
-5253
0
0
63
233
247
202
181
158
209
126
178
-49
-20
-111
34
80
-120
1
91
122
-3087
-4660
-27417
6868
14480
-18960
209
11466
21716
-7747
-20549
-4480
11675
21716
-28296
7195
615
5
0
19
19
0
84
48
0
46
112
34
203
225
129
80
33
-73
75
35
-63
-64
35
-60
6720
1584
0
3450
3920
-2142
-12992
7875
-7740
8304
3450
1778
-5117
-7740
11754
-3339
675
3
0
84
84
0
32
243
255
136
153
25
151
102
133
101
-89
-92
111
-29
50
107
54
42
3232
-21627
-23460
15096
-4437
1250
16157
5508
5586
-18395
-8364
-3187
21665
5586
-26759
18478
-2695
0
1
-2695
0
0
28
239
96
6
151
186
2
96
247
-14
-22
85
60
-88
122
84
-32
19
-392
-5258
8160
360
-13288
22692
168
-3072
4693
-5650
8520
9404
-2904
4693
2870
6500
14063
3
0
1758
1758
0
77
13
182
76
92
171
34
58
125
-119
-17
-121
98
103
-71
-123
97
-103
-9163
-221
-22022
7448
9476
-12141
-4182
5626
-12875
-9384
-14574
-2665
1444
-12875
-23958
-1221
-38054
4
0
-2378
-2378
0
251
30
215
10
229
112
52
163
250
101
-78
3
114
-79
41
-10
-26
-125
25351
-2340
645
1140
-18091
4592
-520
-4238
-31250
23011
1785
-13499
-4758
-31250
24796
-18257
-24711
2
1
-6178
0
0
98
156
15
14
143
21
64
183
141
61
111
-10
22
-27
83
-24
-112
-106
5978
17316
-150
308
-3861
1743
-1536
-20496
-14946
23294
158
-2118
-22032
-14946
23452
-24150
-15644
0
1
-15644
0
0
188
56
80
108
50
88
42
252
108
124
-128
109
-53
-88
-117
-109
-87
86
23312
-7168
8720
-5724
-4400
-10296
-4578
-21924
9288
16144
2996
-14696
-26502
9288
19140
-41198
-12770
4
0
-798
-798
0
1
176
205
101
25
72
23
140
126
78
-96
-113
1
-36
-71
-81
40
-39
78
-16896
-23165
101
-900
-5112
-1863
5600
-4914
-16818
-23064
-6012
3737
-4914
-39882
-2275
-47071
0
0
-47071
-32768
1
150
209
239
71
170
56
78
69
87
12
-96
60
86
-29
44
67
-128
16
1800
-20064
14340
6106
-4930
2464
5226
-8832
1392
-18264
20446
-2466
-3606
1392
2182
-6072
-2498
4
0
-156
-156
0
20
77
36
202
128
230
166
141
237
-61
-120
85
59
104
-99
-63
119
102
-1220
-9240
3060
11918
13312
-22770
-10458
16779
24174
-10460
14978
-9458
6321
24174
4518
-3137
25555
1
1
12778
12778
0
104
49
113
15
214
110
89
217
52
87
-111
-8
-19
28
-92
33
-29
-6
9048
-5439
-904
-285
5992
-10120
2937
-6293
-312
3609
-1189
-4128
-3356
-312
2420
-7484
-5376
4
0
-336
-336
0
210
35
186
74
48
231
216
92
181
-106
3
99
46
20
43
-107
-74
-117
-22260
105
18414
3404
960
9933
-23112
-6808
-21177
-22155
21818
10893
-29920
-21177
-337
-19027
-40541
4
0
-2534
-2534
0
154
70
226
216
21
202
3
60
169
-40
-54
10
46
65
123
-105
126
-106
-6160
-3780
2260
9936
1365
24846
-315
7560
-17914
-9940
12196
26211
7245
-17914
2256
33456
17798
0
1
17798
17798
0
70
27
20
53
54
198
19
82
242
-94
-27
31
32
-67
70
-39
61
35
-6580
-729
620
1696
-3618
13860
-741
5002
8470
-7309
2316
10242
4261
8470
-4993
14503
17980
7
0
140
140
0
149
20
195
97
46
139
82
94
100
-62
7
-110
22
-52
-26
-45
85
88
-9238
140
-21450
2134
-2392
-3614
-3690
7990
8800
-9098
-19316
-6006
4300
8800
-28414
-1706
-21320
6
1
-333
0
0
146
8
217
1
28
198
78
71
249
70
-55
-63
-34
116
56
97
-81
-84
10220
-440
-13671
-34
3248
11088
7566
-5751
-20916
9780
-13705
14336
1815
-20916
-3925
16151
-8690
3
1
-1086
0
0
202
19
78
35
152
149
137
194
32
68
-88
-30
31
-41
40
-64
81
119
13736
-1672
-2340
1085
-6232
5960
-8768
15714
3808
12064
-1255
-272
6946
3808
10809
6674
21291
6
1
333
333
0
22
169
37
127
17
191
40
25
186
27
-80
-83
-104
38
-26
-40
-20
-80
594
-13520
-3071
-13208
646
-4966
-1600
-500
-14880
-12926
-16279
-4320
-2100
-14880
-29205
-6420
-50505
6
0
-789
-789
0
224
200
19
150
226
224
227
136
236
-68
48
-86
-116
-72
38
122
-16
92
-15232
9600
-1634
-17400
-16272
8512
27694
-2176
21712
-5632
-19034
-7760
25518
21712
-24666
17758
14804
3
0
1851
1851
0
34
99
71
6
138
190
115
122
12
94
73
-71
-48
-34
-13
-57
74
-115
3196
7227
-5041
-288
-4692
-2470
-6555
9028
-1380
10423
-5329
-7162
2473
-1380
5094
-4689
-975
3
1
-122
0
0
35
112
137
104
217
115
120
159
80
-99
-122
-108
40
73
-123
-107
-16
107
-3465
-13664
-14796
4160
15841
-14145
-12840
-2544
8560
-17129
-10636
1696
-15384
8560
-27765
-13688
-32893
1
0
-16446
-16446
0
159
247
9
126
235
121
28
79
17
-40
-40
-70
35
-113
111
-7
71
-37
-6360
-9880
-630
4410
-26555
13431
-196
5609
-629
-16240
3780
-13124
5413
-629
-12460
-7711
-20800
3
0
-2600
-2600
0
3
143
52
30
92
135
53
1
207
126
26
122
114
65
-94
-123
-65
28
378
3718
6344
3420
5980
-12690
-6519
-65
5796
4096
9764
-6710
-6584
5796
13860
-13294
6362
1
0
3181
3181
0
91
68
115
185
49
83
70
25
121
-42
20
-123
119
111
120
76
107
-65
-3822
1360
-14145
22015
5439
9960
5320
2675
-7865
-2462
7870
15399
7995
-7865
5408
23394
20937
0
0
20937
20937
0
14
189
147
234
55
68
171
12
64
-34
-2
22
-58
-32
19
-40
11
-19
-476
-378
3234
-13572
-1760
1292
-6840
132
-1216
-854
-10338
-468
-6708
-1216
-11192
-7176
-19584
0
1
-19584
0
0
28
206
102
0
115
137
205
170
65
20
-109
125
-53
116
76
9
-121
-32
560
-22454
12750
0
13340
10412
1845
-20570
-2080
-21894
12750
23752
-18725
-2080
-9144
5027
-6197
7
0
-48
-48
0
211
239
89
98
73
184
202
148
226
-74
70
-105
-118
-64
91
31
124
69
-15614
16730
-9345
-11564
-4672
16744
6262
18352
15594
1116
-20909
12072
24614
15594
-19793
36686
32487
4
1
2030
2030
0
30
123
24
150
188
179
8
112
74
-75
39
36
-89
63
65
32
15
24
-2250
4797
864
-13350
11844
11635
256
1680
1776
2547
-12486
23479
1936
1776
-9939
25415
17252
3
1
2157
2157
0
229
9
47
168
223
223
164
43
4
-111
106
-39
-44
-72
-85
22
-14
-67
-25419
954
-1833
-7392
-16056
-18955
3608
-602
-268
-24465
-9225
-35011
3006
-268
-33690
-32005
-65963
1
0
-32981
-32768
1
123
51
5
165
159
206
212
58
200
79
61
5
-126
116
29
-94
82
66
9717
3111
25
-20790
18444
5974
-19928
4756
13200
12828
-20765
24418
-15172
13200
-7937
9246
14509
6
1
227
227
0
54
23
157
49
193
250
11
23
60
81
30
85
76
75
32
92
47
-9
4374
690
13345
3724
14475
8000
1012
1081
-540
5064
17069
22475
2093
-540
22133
24568
46161
7
0
361
361
0
96
136
244
32
189
128
223
162
122
-128
52
99
29
119
-82
93
-91
-111
-12288
7072
24156
928
22491
-10496
20739
-14742
-13542
-5216
25084
11995
5997
-13542
19868
17992
24318
5
0
760
760
0
119
200
184
137
253
47
103
185
227
120
88
89
28
-62
-5
66
7
10
14280
17600
16376
3836
-15686
-235
6798
1295
2270
31880
20212
-15921
8093
2270
52092
-7828
46534
4
1
2908
2908
0
81
239
42
37
228
35
210
116
243
75
-101
-107
108
41
71
116
119
83
6075
-24139
-4494
3996
9348
2485
24360
13804
20169
-18064
-498
11833
38164
20169
-18562
49997
51604
1
0
25802
25802
0
239
5
198
121
124
91
130
67
177
-18
-5
36
-53
-8
23
-89
-111
43
-4302
-25
7128
-6413
-992
2093
-11570
-7437
7611
-4327
715
1101
-19007
7611
-3612
-17906
-13907
0
0
-13907
-13907
0
98
213
142
248
16
56
170
110
105
-39
59
-28
104
70
-3
-37
-100
94
-3822
12567
-3976
25792
1120
-168
-6290
-11000
9870
8745
21816
952
-17290
9870
30561
-16338
24093
1
1
12047
12047
0
15
39
62
30
96
53
230
211
57
-47
-103
-82
-106
79
-95
28
105
-116
-705
-4017
-5084
-3180
7584
-5035
6440
22155
-6612
-4722
-8264
2549
28595
-6612
-12986
31144
11546
5
1
361
361
0
245
227
186
132
174
10
235
132
63
-99
-3
-98
-3
-105
-82
-52
-119
98
-24255
-681
-18228
-396
-18270
-820
-12220
-15708
6174
-24936
-18624
-19090
-27928
6174
-43560
-47018
-84404
4
1
-5275
0
0
11
37
25
75
45
26
136
68
114
59
72
114
73
62
7
-97
0
77
649
2664
2850
5475
2790
182
-13192
0
8778
3313
8325
2972
-13192
8778
11638
-10220
10196
5
0
319
319
0
144
183
156
202
85
186
210
149
84
40
-113
-115
-99
-125
40
-113
-113
-3
5760
-20679
-17940
-19998
-10625
7440
-23730
-16837
-252
-14919
-37938
-3185
-40567
-252
-52857
-43752
-96861
3
0
-12108
-12108
0
100
218
87
155
182
252
52
194
163
86
76
-93
-35
-83
69
89
114
-26
8600
16568
-8091
-5425
-15106
17388
4628
22116
-4238
25168
-13516
2282
26744
-4238
11652
29026
36440
2
1
9110
9110
0
92
15
78
99
9
28
113
164
151
-74
123
-4
22
-60
-31
-31
14
-45
-6808
1845
-312
2178
-540
-868
-3503
2296
-6795
-4963
1866
-1408
-1207
-6795
-3097
-2615
-12507
5
0
-391
-391
0
88
201
127
40
14
81
114
3
88
63
0
-87
-101
126
24
31
-59
-16
5544
0
-11049
-4040
1764
1944
3534
-177
-1408
5544
-15089
3708
3357
-1408
-9545
7065
-3888
2
0
-972
-972
0
189
70
83
212
209
217
90
198
143
56
-88
-74
-100
-19
-26
40
56
106
10584
-6160
-6142
-21200
-3971
-5642
3600
11088
15158
4424
-27342
-9613
14688
15158
-22918
5075
-2685
5
0
-84
-84
0
50
56
167
141
18
230
240
238
153
-79
-2
80
-126
79
-126
-34
20
92
-3950
-112
13360
-17766
1422
-28980
-8160
4760
14076
-4062
-4406
-27558
-3400
14076
-8468
-30958
-25350
0
1
-25350
0
0
137
32
99
155
235
167
233
17
39
40
119
-83
-48
98
29
-24
95
124
5480
3808
-8217
-7440
23030
4843
-5592
1615
4836
9288
-15657
27873
-3977
4836
-6369
23896
22363
3
1
2795
2795
0
108
85
95
116
47
246
180
180
140
-66
104
-110
83
104
-116
24
-46
80
-7128
8840
-10450
9628
4888
-28536
4320
-8280
11200
1712
-822
-23648
-3960
11200
890
-27608
-15518
1
0
-7759
-7759
0
225
222
37
188
167
37
164
204
125
50
103
-89
97
-125
-37
-32
-54
75
11250
22866
-3293
18236
-20875
-1369
-5248
-11016
9375
34116
14943
-22244
-16264
9375
49059
-38508
19926
6
0
311
311
0
148
134
34
115
34
192
40
243
119
-62
-103
14
73
-30
5
70
-64
-79
-9176
-13802
476
8395
-1020
960
2800
-15552
-9401
-22978
8871
-60
-12752
-9401
-14107
-12812
-36320
2
1
-9080
0
0
185
179
155
18
86
30
36
0
218
-92
-98
69
36
-8
-82
18
7
81
-17020
-17542
10695
648
-688
-2460
648
0
17658
-34562
11343
-3148
648
17658
-23219
-2500
-8061
3
0
-1008
-1008
0
13
68
129
245
77
43
125
147
196
28
48
-4
88
81
-120
76
101
79
364
3264
-516
21560
6237
-5160
9500
14847
15484
3628
21044
1077
24347
15484
24672
25424
65580
2
0
16395
16395
0
112
218
31
185
97
53
183
9
138
83
39
52
-53
116
65
79
89
88
9296
8502
1612
-9805
11252
3445
14457
801
12144
17798
-8193
14697
15258
12144
9605
29955
51704
3
0
6463
6463
0
204
132
190
107
234
6
45
94
189
-70
-67
74
-12
1
-12
-96
-84
-56
-14280
-8844
14060
-1284
234
-72
-4320
-7896
-10584
-23124
12776
162
-12216
-10584
-10348
-12054
-32986
2
0
-8246
-8246
0
15
96
101
251
7
13
136
214
13
7
8
70
109
29
-55
27
121
-28
105
768
7070
27359
203
-715
3672
25894
-364
873
34429
-512
29566
-364
35302
29054
63992
3
0
7999
7999
0
153
76
91
17
68
97
48
33
92
-53
100
24
48
98
30
90
-46
124
-8109
7600
2184
816
6664
2910
4320
-1518
11408
-509
3000
9574
2802
11408
2491
12376
26275
5
0
821
821
0
118
138
192
234
243
199
229
209
200
29
121
117
47
-28
-44
-86
66
-61
3422
16698
22464
10998
-6804
-8756
-19694
13794
-12200
20120
33462
-15560
-5900
-12200
53582
-21460
19922
6
1
311
311
0
33
146
219
241
210
70
165
224
238
-56
-106
44
2
95
103
-63
-44
-41
-1848
-15476
9636
482
19950
7210
-10395
-9856
-9758
-17324
10118
27160
-20251
-9758
-7206
6909
-10055
7
1
-79
0
0
79
232
128
65
84
189
191
177
225
-78
-54
26
40
37
-109
25
-116
-81
-6162
-12528
3328
2600
3108
-20601
4775
-20532
-18225
-18690
5928
-17493
-15757
-18225
-12762
-33250
-64237
1
1
-32118
0
0
135
86
168
242
15
127
36
58
100
37
-41
123
94
57
-57
41
49
16
4995
-3526
20664
22748
855
-7239
1476
2842
1600
1469
43412
-6384
4318
1600
44881
-2066
44415
1
0
22208
22208
0
121
185
51
61
104
74
115
16
35
73
81
-74
109
-79
-69
124
50
-38
8833
14985
-3774
6649
-8216
-5106
14260
800
-1330
23818
2875
-13322
15060
-1330
26693
1738
27101
2
1
6775
6775
0
144
248
105
195
2
189
57
147
171
-14
10
-112
-100
62
123
121
85
9
-2016
2480
-11760
-19500
124
23247
6897
12495
1539
464
-31260
23371
19392
1539
-30796
42763
13506
3
1
1688
1688
0
225
126
175
61
126
131
189
184
95
-99
25
94
83
-100
-85
91
-108
-84
-22275
3150
16450
5063
-12600
-11135
17199
-19872
-7980
-19125
21513
-23735
-2673
-7980
2388
-26408
-32000
5
1
-1000
0
0
67
32
99
199
163
220
39
120
206
62
-48
90
-84
9
-63
31
3
-111
4154
-1536
8910
-16716
1467
-13860
1209
360
-22866
2618
-7806
-12393
1569
-22866
-5188
-10824
-38878
0
1
-38878
0
1
182
163
81
214
110
118
173
58
207
-68
119
-47
-111
29
-29
-6
2
105
-12376
19397
-3807
-23754
3190
-3422
-1038
116
21735
7021
-27561
-232
-922
21735
-20540
-1154
41
6
0
1
1
0
243
152
29
1
226
141
89
133
66
9
-126
88
90
-125
-57
43
74
82
2187
-19152
2552
90
-28250
-8037
3827
9842
5412
-16965
2642
-36287
13669
5412
-14323
-22618
-31529
0
1
-31529
0
0
190
98
105
52
218
65
129
46
141
-73
-84
-5
-123
51
24
35
-17
-2
-13870
-8232
-525
-6396
11118
1560
4515
-782
-282
-22102
-6921
12678
3733
-282
-29023
16411
-12894
5
1
-403
0
0
138
45
81
23
246
40
113
111
33
-57
60
18
101
63
-55
-6
-10
-128
-7866
2700
1458
2323
15498
-2200
-678
-1110
-4224
-5166
3781
13298
-1788
-4224
-1385
11510
5901
0
0
5901
5901
0
19
212
138
205
93
224
156
187
93
40
26
-93
72
-38
-89
-16
8
6
760
5512
-12834
14760
-3534
-19936
-2496
1496
558
6272
1926
-23470
-1000
558
8198
-24470
-15714
0
0
-15714
-15714
0
200
143
163
131
104
45
156
9
102
43
56
6
-42
20
-44
-67
-48
-30
8600
8008
978
-5502
2080
-1980
-10452
-432
-3060
16608
-4524
100
-10884
-3060
12084
-10784
-1760
2
1
-440
0
0
107
128
29
226
227
138
12
222
224
-123
116
7
-85
-102
-83
-85
-70
-41
-13161
14848
203
-19210
-23154
-11454
-1020
-15540
-9184
1687
-19007
-34608
-16560
-9184
-17320
-51168
-77672
1
1
-38836
0
1
221
110
239
147
55
96
32
63
104
-10
104
124
-13
14
81
-80
58
-1
-2210
11440
29636
-1911
770
7776
-2560
3654
-104
9230
27725
8546
1094
-104
36955
9640
46491
2
0
11623
11623
0
24
122
226
209
41
140
254
56
210
-46
108
-64
49
92
-64
17
123
19
-1104
13176
-14464
10241
3772
-8960
4318
6888
3990
12072
-4223
-5188
11206
3990
7849
6018
17857
3
1
2232
2232
0
252
150
99
7
190
173
92
54
23
44
-62
-114
84
-106
-86
-23
56
123
11088
-9300
-11286
588
-20140
-14878
-2116
3024
2829
1788
-10698
-35018
908
2829
-8910
-34110
-40191
7
0
-314
-314
0
46
206
28
1
239
188
137
173
103
89
-96
27
-8
-82
-90
-91
-98
35
4094
-19776
756
-8
-19598
-16920
-12467
-16954
3605
-15682
748
-36518
-29421
3605
-14934
-65939
-77268
1
0
-38634
-32768
1
85
215
161
245
130
100
93
42
213
-94
18
-124
-87
86
85
-114
57
79
-7990
3870
-19964
-21315
11180
8500
-10602
2394
16827
-4120
-41279
19680
-8208
16827
-45399
11472
-17100
7
1
-134
0
0
127
41
36
136
77
236
109
201
63
-101
101
-29
84
-31
1
97
109
59
-12827
4141
-1044
11424
-2387
236
10573
21909
3717
-8686
10380
-2151
32482
3717
1694
30331
35742
0
0
35742
32767
1
134
204
103
115
120
54
193
157
134
28
111
-45
104
-113
-48
-67
102
-114
3752
22644
-4635
11960
-13560
-2592
-12931
16014
-15276
26396
7325
-16152
3083
-15276
33721
-13069
5376
3
1
672
672
0
165
242
157
242
51
3
70
224
88
44
-45
-7
52
89
43
95
119
125
7260
-10890
-1099
12584
4539
129
6650
26656
11000
-3630
11485
4668
33306
11000
7855
37974
56829
6
1
888
888
0
211
5
13
107
9
10
73
10
144
127
-79
-64
-3
99
-110
11
106
-82
26797
-395
-832
-321
891
-1100
803
1060
-11808
26402
-1153
-209
1863
-11808
25249
1654
15095
0
0
15095
15095
0
194
250
199
32
210
63
93
91
66
18
8
-38
-112
-2
-21
8
-10
15
3492
2000
-7562
-3584
-420
-1323
744
-910
990
5492
-11146
-1743
-166
990
-5654
-1909
-6573
2
0
-1643
-1643
0
192
12
156
58
84
204
153
73
201
-57
0
-116
-33
102
104
9
71
1
-10944
0
-18096
-1914
8568
21216
1377
5183
201
-10944
-20010
29784
6560
201
-30954
36344
5591
4
1
349
349
0
112
55
125
17
239
139
188
108
208
116
21
117
-112
105
-67
-86
-103
-53
12992
1155
14625
-1904
25095
-9313
-16168
-11124
-11024
14147
12721
15782
-27292
-11024
26868
-11510
4334
4
1
271
271
0
92
16
97
167
69
133
122
24
151
107
40
110
-85
-41
23
-24
98
114
9844
640
10670
-14195
-2829
3059
-2928
2352
17214
10484
-3525
230
-576
17214
6959
-346
23827
0
0
23827
23827
0
216
170
180
46
102
119
242
161
13
-29
16
-72
103
53
81
120
-9
122
-6264
2720
-12960
4738
5406
9639
29040
-1449
1586
-3544
-8222
15045
27591
1586
-11766
42636
32456
0
0
32456
32456
0
189
208
134
133
143
241
105
186
233
-55
105
-42
39
77
73
-39
-77
-46
-10395
21840
-5628
5187
11011
17593
-4095
-14322
-10718
11445
-441
28604
-18417
-10718
11004
10187
10473
7
1
82
82
0
197
92
36
31
205
218
61
109
103
78
37
-54
63
-75
88
45
-13
-67
15366
3404
-1944
1953
-15375
19184
2745
-1417
-6901
18770
9
3809
1328
-6901
18779
5137
17015
6
0
266
266
0
176
199
127
120
57
112
211
50
86
-119
91
83
4
34
-26
69
-47
-112
-20944
18109
10541
480
1938
-2912
14559
-2350
-9632
-2835
11021
-974
12209
-9632
8186
11235
9789
7
1
76
76
0
80
219
206
119
19
171
58
197
189
-94
2
-101
-44
-11
-81
28
11
32
-7520
438
-20806
-5236
-209
-13851
1624
2167
6048
-7082
-26042
-14060
3791
6048
-33124
-10269
-37345
1
0
-18672
-18672
0
153
203
216
25
236
145
113
152
186
-49
96
56
-64
76
-62
-21
18
27
-7497
19488
12096
-1600
17936
-8990
-2373
2736
5022
11991
10496
8946
363
5022
22487
9309
36818
4
0
2301
2301
0
65
219
147
192
254
242
238
209
141
-82
102
84
-2
82
-121
-100
50
-65
-5330
22338
12348
-384
20828
-29282
-23800
10450
-9165
17008
11964
-8454
-13350
-9165
28972
-21804
-1997
0
1
-1997
0
0
105
120
252
95
243
230
200
137
169
94
73
-127
15
-28
-57
79
6
-89
9870
8760
-32004
1425
-6804
-13110
15800
822
-15041
18630
-30579
-19914
16622
-15041
-11949
-3292
-30282
0
0
-30282
-30282
0
137
18
193
36
208
161
126
143
43
40
-16
121
59
0
-45
53
-16
-72
5480
-288
23353
2124
0
-7245
6678
-2288
-3096
5192
25477
-7245
4390
-3096
30669
-2855
24718
3
1
3090
3090
0
105
15
60
163
70
125
158
50
217
22
-93
6
-32
-41
-13
2
-33
-43
2310
-1395
360
-5216
-2870
-1625
316
-1650
-9331
915
-4856
-4495
-1334
-9331
-3941
-5829
-19101
4
1
-1194
0
0
218
254
208
69
129
130
221
19
96
50
-68
20
52
-10
-48
-47
-106
-4
10900
-17272
4160
3588
-1290
-6240
-10387
-2014
-384
-6372
7748
-7530
-12401
-384
1376
-19931
-18939
4
1
-1184
0
0
69
178
109
65
172
88
247
56
58
5
-24
-63
123
126
41
-27
-14
-49
345
-4272
-6867
7995
21672
3608
-6669
-784
-2842
-3927
1128
25280
-7453
-2842
-2799
17827
12186
7
0
95
95
0
180
190
92
221
124
19
253
138
177
92
59
-62
98
35
86
114
-42
59
16560
11210
-5704
21658
4340
1634
28842
-5796
10443
27770
15954
5974
23046
10443
43724
29020
83187
1
1
41594
32767
1
81
7
255
33
205
168
69
167
167
-32
28
115
73
49
109
58
-123
83
-2592
196
29325
2409
10045
18312
4002
-20541
13861
-2396
31734
28357
-16539
13861
29338
11818
55017
5
1
1719
1719
0
232
195
24
163
113
212
94
120
4
-61
-43
-1
3
58
54
-108
-119
125
-14152
-8385
-24
489
6554
11448
-10152
-14280
500
-22537
465
18002
-24432
500
-22072
-6430
-28002
2
1
-7000
0
0
27
117
220
104
60
88
11
207
100
-82
-127
47
-17
-66
-41
87
21
84
-2214
-14859
10340
-1768
-3960
-3608
957
4347
8400
-17073
8572
-7568
5304
8400
-8501
-2264
-2365
0
1
-2365
0
0
253
93
86
8
45
182
35
91
221
112
24
-105
101
-82
63
-63
47
96
28336
2232
-9030
808
-3690
11466
-2205
4277
21216
30568
-8222
7776
2072
21216
22346
9848
53410
2
0
13353
13353
0
104
187
162
24
111
199
105
7
248
127
46
31
4
18
-90
-44
-87
-84
13208
8602
5022
96
1998
-17910
-4620
-609
-20832
21810
5118
-15912
-5229
-20832
26928
-21141
-15045
7
1
-118
0
0
70
174
35
188
184
8
131
231
116
3
57
-17
-49
6
124
103
71
-67
210
9918
-595
-9212
1104
992
13493
16401
-7772
10128
-9807
2096
29894
-7772
321
31990
24539
7
0
192
192
0
246
109
149
187
64
161
72
64
70
20
48
-55
51
127
-39
-99
-100
61
4920
5232
-8195
9537
8128
-6279
-7128
-6400
4270
10152
1342
1849
-13528
4270
11494
-11679
4085
6
0
64
64
0
189
195
69
202
229
205
69
22
6
48
71
-42
22
36
22
-74
84
-113
9072
13845
-2898
4444
8244
4510
-5106
1848
-678
22917
1546
12754
-3258
-678
24463
9496
33281
6
0
520
520
0
138
148
220
139
59
7
157
228
93
-49
52
18
-18
122
-105
-116
-57
-80
-6762
7696
3960
-2502
7198
-735
-18212
-12996
-7440
934
1458
6463
-31208
-7440
2392
-24745
-29793
6
1
-466
0
0
141
70
60
151
92
183
163
122
62
78
95
18
-51
14
88
-76
95
91
10998
6650
1080
-7701
1288
16104
-12388
11590
5642
17648
-6621
17392
-798
5642
11027
16594
33263
7
0
260
260
0
165
46
147
114
118
28
185
201
73
-35
-108
56
30
-112
-51
43
50
-119
-5775
-4968
8232
3420
-13216
-1428
7955
10050
-8687
-10743
11652
-14644
18005
-8687
909
3361
-4417
6
1
-69
0
0
28
212
117
228
211
104
67
94
94
109
-3
-11
-49
13
15
101
65
88
3052
-636
-1287
-11172
2743
1560
6767
6110
8272
2416
-12459
4303
12877
8272
-10043
17180
15409
4
1
963
963
0
227
0
122
200
35
179
64
78
246
-111
-97
-100
0
45
-22
49
68
-68
-25197
0
-12200
0
1575
-3938
3136
5304
-16728
-25197
-12200
-2363
8440
-16728
-37397
6077
-48048
0
1
-48048
0
1
253
134
206
154
240
173
108
44
129
61
-55
-109
58
-89
74
47
-33
67
15433
-7370
-22454
8932
-21360
12802
5076
-1452
8643
8063
-13522
-8558
3624
8643
-5459
-4934
-1750
6
0
-27
-27
0
222
35
153
30
252
20
21
212
237
9
90
-71
77
45
-84
63
-43
48
1998
3150
-10863
2310
11340
-1680
1323
-9116
11376
5148
-8553
9660
-7793
11376
-3405
1867
9838
4
1
615
615
0
14
60
180
84
180
158
27
177
182
109
98
105
-77
-39
-62
-75
11
62
1526
5880
18900
-6468
-7020
-9796
-2025
1947
11284
7406
12432
-16816
-78
11284
19838
-16894
14228
6
1
222
222
0
141
2
54
77
207
230
118
111
176
108
4
-56
-31
32
-103
-85
25
-45
15228
8
-3024
-2387
6624
-23690
-10030
2775
-7920
15236
-5411
-17066
-7255
-7920
9825
-24321
-22416
3
1
-2802
0
0
182
4
67
224
80
16
215
49
85
-92
-74
14
43
77
85
119
-58
-31
-16744
-296
938
9632
6160
1360
25585
-2842
-2635
-17040
10570
7520
22743
-2635
-6470
30263
21158
1
0
10579
10579
0
139
27
87
46
37
181
255
66
59
-12
-82
7
-20
83
-37
-11
-10
-91
-1668
-2214
609
-920
3071
-6697
-2805
-660
-5369
-3882
-311
-3626
-3465
-5369
-4193
-7091
-16653
6
1
-260
0
0
101
13
155
2
76
154
249
62
147
71
22
68
127
30
-32
28
87
-97
7171
286
10540
254
2280
-4928
6972
5394
-14259
7457
10794
-2648
12366
-14259
18251
9718
13710
1
1
6855
6855
0
20
27
69
155
123
196
31
10
221
-109
60
-15
20
16
4
-68
56
117
-2180
1620
-1035
3100
1968
784
-2108
560
25857
-560
2065
2752
-1548
25857
1505
1204
28566
0
1
28566
28566
0
120
195
155
244
185
134
12
234
58
119
100
76
-12
61
-34
7
-80
-3
14280
19500
11780
-2928
11285
-4556
84
-18720
-174
33780
8852
6729
-18636
-174
42632
-11907
30551
1
0
15276
15276
0
192
51
40
132
64
197
99
59
54
23
-44
77
0
126
91
121
-113
62
4416
-2244
3080
0
8064
17927
11979
-6667
3348
2172
3080
25991
5312
3348
5252
31303
39903
0
1
39903
32767
1
136
57
2
39
245
84
250
32
114
-62
44
115
-4
-120
-64
116
-90
13
-8432
2508
230
-156
-29400
-5376
29000
-2880
1482
-5924
74
-34776
26120
1482
-5850
-8656
-13024
4
1
-814
0
0
61
242
84
218
212
209
72
40
172
-94
125
-61
-125
30
98
-24
-114
49
-5734
30250
-5124
-27250
6360
20482
-1728
-4560
8428
24516
-32374
26842
-6288
8428
-7858
20554
21124
0
0
21124
21124
0
58
141
69
156
234
71
170
98
243
9
-47
37
-27
-115
-82
-73
33
0
522
-6627
2553
-4212
-26910
-5822
-12410
3234
0
-6105
-1659
-32732
-9176
0
-7764
-41908
-49672
1
0
-24836
-24836
0
62
208
205
107
221
227
38
195
130
-76
65
123
-104
-68
-14
-101
-101
-69
-4712
13520
25215
-11128
-15028
-3178
-3838
-19695
-8970
8808
14087
-18206
-23533
-8970
22895
-41739
-27814
4
1
-1738
0
0
33
242
97
167
106
199
1
5
244
-62
-94
-10
-31
30
122
9
-58
-9
-2046
-22748
-970
-5177
3180
24278
9
-290
-2196
-24794
-6147
27458
-281
-2196
-30941
27177
-5960
3
0
-745
-745
0
12
203
237
223
135
163
135
92
165
53
-71
-37
15
-107
13
-81
-87
82
636
-14413
-8769
3345
-14445
2119
-10935
-8004
13530
-13777
-5424
-12326
-18939
13530
-19201
-31265
-36936
6
1
-577
0
0
97
89
247
178
245
246
199
157
162
63
7
-82
69
-98
-116
-6
-127
-111
6111
623
-20254
12282
-24010
-28536
-1194
-19939
-17982
6734
-7972
-52546
-21133
-17982
-1238
-73679
-92899
0
1
-92899
0
1
112
16
169
73
113
169
20
123
214
87
26
-6
-11
33
77
40
-97
58
9744
416
-1014
-803
3729
13013
800
-11931
12412
10160
-1817
16742
-11131
12412
8343
5611
26366
7
0
206
206
0
140
64
44
106
42
25
30
167
234
50
-97
25
-47
-83
-93
-11
-18
96
7000
-6208
1100
-4982
-3486
-2325
-330
-3006
22464
792
-3882
-5811
-3336
22464
-3090
-9147
10227
7
0
80
80
0
254
171
22
162
115
175
77
67
71
-43
28
-6
-12
44
-19
-49
-74
19
-10922
4788
-132
-1944
5060
-3325
-3773
-4958
1349
-6134
-2076
1735
-8731
1349
-8210
-6996
-13857
1
0
-6928
-6928
0
212
35
179
212
70
77
18
34
200
-122
-93
-67
44
103
56
18
-22
125
-25864
-3255
-11993
9328
7210
4312
324
-748
25000
-29119
-2665
11522
-424
25000
-31784
11098
4314
2
1
1079
1079
0
32
51
62
255
68
248
13
113
78
-126
-118
126
-124
-34
-48
-67
-55
-100
-4032
-6018
7812
-31620
-2312
-11904
-871
-6215
-7800
-10050
-23808
-14216
-7086
-7800
-33858
-21302
-62960
3
0
-7870
-7870
0
85
24
4
22
66
154
124
124
113
30
-4
-68
-108
-10
-106
53
-126
-118
2550
-96
-272
-2376
-660
-16324
6572
-15624
-13334
2454
-2648
-16984
-9052
-13334
-194
-26036
-39564
4
0
-2473
-2473
0
107
102
78
206
244
37
161
50
213
67
21
-69
-69
-106
45
45
-20
-39
7169
2142
-5382
-14214
-25864
1665
7245
-1000
-8307
9311
-19596
-24199
6245
-8307
-10285
-17954
-36546
1
1
-18273
0
0
0
254
1
254
1
1
1
255
0
0
-1
-1
0
0
-128
0
-128
127
0
-254
-1
0
0
-128
0
-32640
0
-254
-1
-128
-32640
0
-255
-32768
-33023
7
0
-258
-258
0
254
255
0
1
0
0
254
0
1
127
-1
0
-128
-1
-1
-128
1
-1
32258
-255
0
-128
0
0
-32512
0
-1
32003
-128
0
-32512
-1
31875
-32512
-638
7
1
-5
0
0
0
0
255
1
0
255
255
254
0
-128
-1
-128
-1
127
1
1
0
127
0
0
-32640
-1
0
255
255
0
0
0
-32641
255
255
0
-32641
510
-32131
3
1
-4016
0
0
1
254
0
254
255
1
1
255
255
127
127
0
1
0
1
1
-1
-128
127
32258
0
254
0
1
1
-255
-32640
32385
254
1
-254
-32640
32639
-253
-254
1
0
-127
-127
0
1
1
0
1
255
0
1
255
0
-128
-1
1
0
-1
0
-128
-1
1
-128
-1
0
0
-255
0
-128
-255
0
-129
0
-255
-383
0
-129
-638
-767
6
0
-12
-12
0
255
0
254
1
254
0
254
1
0
1
-128
-128
-128
1
-128
-1
-128
127
255
0
-32512
-128
254
0
-254
-128
0
255
-32640
254
-382
0
-32385
-128
-32513
5
1
-1016
0
0
255
255
255
1
0
1
1
255
1
-1
1
1
-1
127
0
-1
-1
-1
-255
255
255
-1
0
0
-1
-255
-1
0
254
0
-256
-1
254
-256
-3
2
0
-1
-1
0
0
0
255
0
255
254
254
255
0
-128
-1
-1
-128
0
0
0
-1
1
0
0
-255
0
0
0
0
-255
0
0
-255
0
-255
0
-255
-255
-510
1
0
-255
-255
0
1
255
1
1
254
255
254
254
254
127
1
1
-1
-128
-128
-128
0
-128
127
255
1
-1
-32512
-32640
-32512
0
-32512
382
0
-65152
-32512
-32512
382
-97664
-129794
1
0
-64897
-32768
1
1
255
255
255
255
1
255
0
0
-1
-1
1
0
-128
127
1
127
0
-1
-255
255
0
-32640
127
255
0
0
-256
255
-32513
255
0
-1
-32258
-32259
3
0
-4032
-4032
0
1
254
255
0
255
255
255
254
255
1
1
127
127
0
-1
1
127
-128
1
254
32385
0
0
-255
255
32258
-32640
255
32385
-255
32513
-32640
32640
32258
32258
3
0
4032
4032
0
0
0
0
0
1
0
255
0
255
-128
1
-128
127
0
127
0
-1
-128
0
0
0
0
0
0
0
0
-32640
0
0
0
0
-32640
0
0
-32640
6
0
-510
-510
0
254
255
254
254
255
255
0
1
0
127
-128
-128
1
1
-128
-1
1
1
32258
-32640
-32512
254
255
-32640
0
1
0
-382
-32258
-32385
1
0
-32640
-32384
-65024
2
0
-16256
-16256
0
0
0
1
0
254
254
254
0
254
127
127
-128
0
127
127
127
-1
127
0
0
-128
0
32258
32258
32258
0
32258
0
-128
64516
32258
32258
-128
96774
128904
1
1
64452
32767
1
254
254
1
255
254
1
255
1
1
-1
-128
-1
-128
1
-128
0
127
1
-254
-32512
-1
-32640
254
-128
0
127
1
-32766
-32641
126
127
1
-65407
253
-65153
5
1
-2036
0
0
254
0
255
255
1
1
254
0
1
0
0
0
0
127
127
1
-128
127
0
0
0
0
127
127
254
0
127
0
0
254
254
127
0
508
635
4
1
40
40
0
254
1
255
254
1
0
254
0
1
127
1
127
-1
127
0
-128
-128
127
32258
1
32385
-254
127
0
-32512
0
127
32259
32131
127
-32512
127
64390
-32385
32132
5
0
1004
1004
0
1
1
255
0
255
0
255
255
0
127
-128
1
-1
0
-128
1
-128
-128
127
-128
255
0
0
0
255
-32640
0
-1
255
0
-32385
0
254
-32385
-32131
3
0
-4016
-4016
0
0
255
0
254
254
1
0
0
0
-128
127
-1
-1
-128
1
1
0
-128
0
32385
0
-254
-32512
1
0
0
0
32385
-254
-32511
0
0
32131
-32511
-380
2
1
-95
0
0
255
255
0
1
0
254
0
0
255
0
-128
-128
-1
127
-128
-128
1
-1
0
-32640
0
-1
0
-32512
0
0
-255
-32640
-1
-32512
0
-255
-32641
-32512
-65408
7
1
-511
0
0
254
0
255
255
255
1
254
1
254
127
0
0
1
-1
-128
127
127
-128
32258
0
0
255
-255
-128
32258
127
-32512
32258
255
-383
32385
-32512
32513
32002
32003
3
1
4000
4000
0
0
254
1
1
255
255
0
254
1
0
1
0
1
-128
-1
-128
-1
1
0
254
0
1
-32640
-255
0
-254
1
254
1
-32895
-254
1
255
-33149
-32893
0
0
-32893
-32768
1
254
0
254
1
0
1
1
254
255
127
0
127
127
-1
127
1
0
-128
32258
0
32258
127
0
127
1
0
-32640
32258
32385
127
1
-32640
64643
128
32131
3
0
4016
4016
0
255
1
0
1
0
254
0
255
0
-128
-1
1
-1
1
0
-1
-1
-128
-32640
-1
0
-1
0
0
0
-255
0
-32641
-1
0
-255
0
-32642
-255
-32897
6
1
-514
0
0
0
1
0
0
255
1
254
0
255
-128
-128
-128
127
0
1
127
0
-128
0
-128
0
0
0
1
32258
0
-32640
-128
0
1
32258
-32640
-128
32259
-509
2
1
-127
0
0
255
255
254
254
255
255
0
255
255
-128
-1
1
1
-1
1
-1
-1
-1
-32640
-255
254
254
-255
255
0
-255
-255
-32895
508
0
-255
-255
-32387
-255
-32897
6
0
-514
-514
0
254
255
254
1
1
255
254
1
254
127
-1
1
1
0
1
-128
-1
1
32258
-255
254
1
0
255
-32512
-1
254
32003
255
255
-32513
254
32258
-32258
254
1
1
127
127
0
1
254
1
255
0
254
1
0
255
0
1
1
-128
-128
-1
-1
0
-128
0
254
1
-32640
0
-254
-1
0
-32640
254
-32639
-254
-1
-32640
-32385
-255
-65280
7
1
-510
0
0
1
255
1
255
255
1
0
255
255
127
-128
0
0
-1
0
127
1
127
127
-32640
0
0
-255
0
0
255
32385
-32513
0
-255
255
32385
-32513
0
-128
1
1
-64
0
0
254
255
0
255
0
255
255
1
1
-128
1
-128
-1
-128
-1
127
127
1
-32512
255
0
-255
0
-255
32385
127
1
-32257
-255
-255
32512
1
-32512
32257
-254
2
1
-63
0
0
254
254
254
255
0
1
1
254
254
-1
1
-128
0
-1
127
1
-1
0
-254
254
-32512
0
0
127
1
-254
0
0
-32512
127
-253
0
-32512
-126
-32638
0
0
-32638
-32638
0
254
254
255
255
255
255
254
255
0
-1
-128
-128
1
-1
0
127
-128
127
-254
-32512
-32640
255
-255
0
32258
-32640
0
-32766
-32385
-255
-382
0
-65151
-637
-65788
6
1
-1028
0
0
1
254
254
255
254
0
254
255
254
1
-1
-128
-1
1
127
1
1
127
1
-254
-32512
-255
254
0
254
255
32258
-253
-32767
254
509
32258
-33020
763
1
1
0
1
1
0
0
1
0
254
1
255
0
1
1
127
1
-128
127
127
0
-128
127
1
0
1
0
32258
127
0
0
127
1
1
32258
127
127
1
32259
254
32514
0
1
32514
32514
0
0
1
254
255
1
1
1
255
1
1
1
-128
1
127
-1
-128
127
-128
0
1
-32512
255
127
-1
-128
32385
-128
1
-32257
126
32257
-128
-32256
32383
-1
6
0
0
0
0
254
0
254
0
254
1
1
255
1
1
0
0
127
127
1
-128
1
-1
254
0
0
0
32258
1
-128
255
-1
254
0
32259
127
-1
254
32386
32639
0
0
32639
32639
0
1
254
254
254
0
0
0
0
0
1
127
1
1
0
127
-128
127
-128
1
32258
254
254
0
0
0
0
0
32259
508
0
0
0
32767
0
32767
5
0
1024
1024
0
255
0
254
0
1
0
255
1
254
-128
-1
0
0
-128
-1
-1
1
0
-32640
0
0
0
-128
0
-255
1
0
-32640
0
-128
-254
0
-32640
-382
-33022
5
1
-1032
0
0
254
0
255
1
0
1
0
0
255
127
127
0
-128
0
127
-128
0
0
32258
0
0
-128
0
127
0
0
0
32258
-128
127
0
0
32130
127
32257
3
1
4032
4032
0
1
0
255
255
1
255
0
0
254
127
-128
-1
0
0
1
0
-128
127
127
0
-255
0
0
255
0
0
32258
127
-255
255
0
32258
-128
255
32385
2
1
8096
8096
0
0
1
254
255
1
255
1
254
1
127
-128
-128
127
0
0
0
-128
-128
0
-128
-32512
32385
0
0
0
-32512
-128
-128
-127
0
-32512
-128
-255
-32512
-32895
1
1
-16447
0
0
0
255
1
1
255
0
1
1
0
127
1
0
1
-1
127
127
-128
1
0
255
0
1
-255
0
127
-128
0
255
1
-255
-1
0
256
-256
0
1
0
0
0
0
0
1
255
254
254
254
254
1
254
-128
-1
1
-1
0
-1
1
127
0
0
-1
255
-254
0
-254
254
127
0
-1
1
-254
381
0
0
127
127
1
1
64
64
0
1
254
0
0
0
254
255
254
0
-128
-1
0
127
1
0
-1
127
-128
-128
-254
0
0
0
0
-255
32258
0
-382
0
0
32003
0
-382
32003
31621
4
0
1976
1976
0
0
254
0
255
1
255
255
255
1
127
0
-1
127
127
-1
0
127
1
0
0
0
32385
127
-255
0
32385
1
0
32385
-128
32385
1
32385
32257
64643
1
1
32322
32322
0
0
254
255
1
254
1
254
255
0
-128
1
127
127
0
-128
1
127
127
0
254
32385
127
0
-128
254
32385
0
254
32512
-128
32639
0
32766
32511
65277
6
1
1020
1020
0
255
1
255
255
255
255
1
1
255
1
1
1
-1
-128
127
-128
-1
127
255
1
255
-255
-32640
32385
-128
-1
32385
256
0
-255
-129
32385
256
-384
32257
5
0
1008
1008
0
255
254
254
255
0
0
255
0
0
0
0
127
-1
1
127
0
1
0
0
0
32258
-255
0
0
0
0
0
0
32003
0
0
0
32003
0
32003
0
0
32003
32003
0
254
1
254
254
254
255
254
0
254
127
127
127
1
-128
1
-1
127
1
32258
127
32258
254
-32512
255
-254
0
254
32385
32512
-32257
-254
254
64897
-32511
32640
3
0
4080
4080
0
1
255
1
0
0
0
255
0
255
-1
-1
0
-128
1
-1
0
0
127
-1
-255
0
0
0
0
0
0
32385
-256
0
0
0
32385
-256
0
32129
2
0
8032
8032
0
1
254
254
255
1
0
255
254
254
127
1
-1
1
-128
-1
-128
-1
-1
127
254
-254
255
-128
0
-32640
-254
-254
381
1
-128
-32894
-254
382
-33022
-32894
7
1
-257
0
0
254
254
254
254
1
0
0
0
255
0
-128
1
0
0
127
127
0
-1
0
-32512
254
0
0
0
0
0
-255
-32512
254
0
0
-255
-32258
0
-32513
4
1
-2032
0
0
254
0
255
1
1
0
1
1
255
0
-128
1
1
-128
127
-1
0
-1
0
0
255
1
-128
0
-1
0
-255
0
256
-128
-1
-255
256
-129
-128
3
1
-16
0
0
254
1
1
255
254
255
254
254
254
0
127
-1
-1
0
0
-128
0
0
0
127
-1
-255
0
0
-32512
0
0
127
-256
0
-32512
0
-129
-32512
-32641
4
1
-2040
0
0
255
1
1
255
254
1
255
255
0
-128
-128
-128
-1
0
-128
-128
-128
-1
-32640
-128
-128
-255
0
-128
-32640
-32640
0
-32768
-383
-128
-65280
0
-33151
-65408
-98559
2
1
-24640
0
0
0
0
255
1
255
0
1
0
254
-1
-128
-1
0
-1
1
1
0
-128
0
0
-255
0
-255
0
1
0
-32512
0
-255
-255
1
-32512
-255
-254
-33021
6
0
-516
-516
0
1
0
254
0
255
0
0
255
1
127
-128
127
-128
0
-1
-1
-128
-1
127
0
32258
0
0
0
0
-32640
-1
127
32258
0
-32640
-1
32385
-32640
-256
1
1
-128
0
0
254
255
1
0
254
1
254
254
254
1
127
1
127
127
-1
0
1
0
254
32385
1
0
32258
-1
0
254
0
32639
1
32257
254
0
32640
32511
65151
0
1
65151
32767
1
255
0
254
255
0
255
254
254
254
0
0
-128
0
127
-128
1
-1
-128
0
0
-32512
0
0
-32640
254
-254
-32512
0
-32512
-32640
0
-32512
-32512
-32640
-97664
6
1
-1526
0
0
254
254
0
254
1
1
254
254
254
1
-128
0
-1
-1
-1
-128
0
-1
254
-32512
0
-254
-1
-1
-32512
0
-254
-32258
-254
-2
-32512
-254
-32512
-32514
-65280
4
1
-4080
0
0
254
0
1
0
254
0
0
254
254
1
0
127
1
1
0
1
-128
0
254
0
127
0
254
0
0
-32512
0
254
127
254
-32512
0
381
-32258
-31877
3
0
-3985
-3985
0
0
0
254
1
254
255
254
254
1
-128
1
0
0
1
-128
-128
-1
0
0
0
0
0
254
-32640
-32512
-254
0
0
0
-32386
-32766
0
0
-65152
-65152
6
1
-1018
0
0
1
254
255
254
255
1
1
254
0
-1
-1
0
0
-128
127
-128
-128
1
-1
-254
0
0
-32640
127
-128
-32512
0
-255
0
-32513
-32640
0
-255
-65153
-65408
1
1
-32704
0
0
1
255
255
1
1
255
0
1
254
0
-1
1
127
-1
-128
1
1
-1
0
-255
255
127
-1
-32640
0
1
-254
-255
382
-32641
1
-254
127
-32640
-32767
2
0
-8192
-8192
0
0
255
0
0
1
0
0
254
255
1
0
0
-1
0
-1
-1
127
0
0
0
0
0
0
0
0
32258
0
0
0
0
32258
0
0
32258
32258
5
0
1008
1008
0
255
0
255
0
1
254
0
1
255
0
0
127
127
-128
127
0
-128
-128
0
0
32385
0
-128
32258
0
-128
-32640
0
32385
32130
-128
-32640
32385
32002
31747
3
0
3968
3968
0
255
0
255
254
254
1
0
1
255
-128
127
1
127
127
-1
127
127
1
-32640
0
255
32258
32258
-1
0
127
255
-32640
32513
32257
127
255
-127
32384
32512
4
0
2032
2032
0
0
254
255
255
254
1
255
255
1
-128
-128
-1
127
1
127
1
-128
-1
0
-32512
-255
32385
254
127
255
-32640
-1
-32512
32130
381
-32385
-1
-382
-32004
-32387
1
0
-16193
-16193
0
255
254
0
1
0
255
255
1
255
-128
0
0
1
-1
-128
-1
127
127
-32640
0
0
1
0
-32640
-255
127
32385
-32640
1
-32640
-128
32385
-32639
-32768
-33022
1
0
-16511
-16511
0
1
255
255
0
254
1
1
254
255
1
1
-128
-128
-128
0
-128
0
-128
1
255
-32640
0
-32512
0
-128
0
-32640
256
-32640
-32512
-128
-32640
-32384
-32640
-97664
5
0
-3052
-3052
0
254
254
0
0
0
254
0
254
255
127
127
127
0
-1
-1
0
-128
127
32258
32258
0
0
0
-254
0
-32512
32385
64516
0
-254
-32512
32385
64516
-32766
64135
3
1
8017
8017
0
255
1
1
1
255
254
0
0
0
1
-128
-1
1
-1
127
127
1
127
255
-128
-1
1
-255
32258
0
0
0
127
0
32003
0
0
127
32003
32130
2
0
8033
8033
0
255
255
0
0
255
255
254
254
254
1
0
-128
127
1
1
0
127
1
255
0
0
0
255
255
0
32258
254
255
0
510
32258
254
255
32768
33277
3
0
4160
4160
0
0
255
0
1
254
254
255
1
255
-128
127
0
127
1
1
1
0
127
0
32385
0
127
254
254
255
0
32385
32385
127
508
255
32385
32512
763
65660
2
1
16415
16415
0
255
1
255
254
255
254
1
254
0
-1
-1
-128
-128
127
1
127
1
-1
-255
-1
-32640
-32512
32385
254
127
254
0
-256
-65152
32639
381
0
-65408
33020
-32388
7
0
-253
-253
0
254
254
1
1
255
254
1
1
1
0
-1
-1
127
1
1
-128
127
-1
0
-254
-1
127
255
254
-128
127
-1
-254
126
509
-1
-1
-128
508
379
2
0
95
95
0
1
255
1
0
254
255
254
0
0
1
-128
1
0
0
-128
0
-128
0
1
-32640
1
0
0
-32640
0
0
0
-32639
1
-32640
0
0
-32638
-32640
-65278
1
0
-32639
-32639
0
0
1
255
255
254
0
0
254
255
1
-128
-128
1
-128
-1
127
127
-1
0
-128
-32640
255
-32512
0
0
32258
-255
-128
-32385
-32512
32258
-255
-32513
-254
-33022
0
1
-33022
0
1
255
254
255
255
255
1
254
254
255
0
0
-128
1
-1
127
127
1
-1
0
0
-32640
255
-255
127
32258
254
-255
0
-32385
-128
32512
-255
-32385
32384
-256
3
1
-32
0
0
1
0
1
0
1
0
0
255
1
0
0
-128
-1
-128
0
127
127
-128
0
0
-128
0
-128
0
0
32385
-128
0
-128
-128
32385
-128
-128
32257
32001
6
1
500
500
0
254
0
1
254
1
255
0
254
254
1
127
1
-128
127
-1
-128
1
1
254
0
1
-32512
127
-255
0
254
254
254
-32511
-128
254
254
-32257
126
-31877
0
1
-31877
0
0
255
255
255
254
1
1
254
0
255
-1
0
0
-128
1
-1
0
0
127
-255
0
0
-32512
1
-1
0
0
32385
-255
-32512
0
0
32385
-32767
0
-382
5
0
-12
-12
0
255
0
255
255
254
255
0
1
0
-128
127
0
0
1
0
127
-128
127
-32640
0
0
0
254
0
0
-128
0
-32640
0
254
-128
0
-32640
126
-32514
0
0
-32514
-32514
0
1
1
254
1
255
0
1
1
255
-128
127
127
-1
0
0
-1
-1
127
-128
127
32258
-1
0
0
-1
-1
32385
-1
32257
0
-2
32385
32256
-2
64639
1
1
32320
32320
0
254
254
255
1
1
0
254
1
255
127
127
127
127
-128
127
0
1
-1
32258
32258
32385
127
-128
0
0
1
-255
64516
32512
-128
1
-255
97028
-127
96646
4
1
6040
6040
0
0
255
255
1
1
0
255
1
255
127
1
0
-1
127
-128
-1
-128
1
0
255
0
-1
127
0
-255
-128
255
255
-1
127
-383
255
254
-256
253
4
0
16
16
0
1
0
254
1
0
0
1
0
0
-1
-1
-128
-128
-1
0
1
1
-1
-1
0
-32512
-128
0
0
1
0
0
-1
-32640
0
1
0
-32641
1
-32640
5
0
-1020
-1020
0
255
254
0
1
254
1
255
255
1
-1
127
-128
0
-1
1
-128
127
127
-255
32258
0
0
-254
1
-32640
32385
127
32003
0
-253
-255
127
32003
-508
31622
6
0
494
494
0
0
255
255
1
1
255
1
254
0
-1
0
127
0
-128
127
0
-1
1
0
0
32385
0
-128
32385
0
-254
0
0
32385
32257
-254
0
32385
32003
64388
2
1
16097
16097
0
254
254
0
255
1
255
255
1
0
-1
-1
127
127
0
-128
127
0
1
-254
-254
0
32385
0
-32640
32385
0
0
-508
32385
-32640
32385
0
31877
-255
31622
4
0
1976
1976
0
255
0
254
254
1
255
1
254
1
-1
1
1
1
127
0
-128
0
127
-255
0
254
254
127
0
-128
0
127
-255
508
127
-128
127
253
-1
379
3
1
47
47
0
255
254
255
254
1
254
0
0
1
1
-1
-128
0
127
0
1
-128
1
255
-254
-32640
0
127
0
0
0
1
1
-32640
127
0
1
-32639
127
-32511
5
1
-1016
0
0
255
254
0
0
255
0
255
1
1
-128
127
1
127
127
1
0
127
0
-32640
32258
0
0
32385
0
0
127
0
-382
0
32385
127
0
-382
32512
32130
4
0
2008
2008
0
254
255
1
1
0
0
1
0
0
127
127
-128
1
1
-128
0
0
127
32258
32385
-128
1
0
0
0
0
0
64643
-127
0
0
0
64516
0
64516
7
1
504
504
0
1
255
254
1
0
0
0
254
255
127
1
-1
-128
1
127
-128
-1
127
127
255
-254
-128
0
0
0
-254
32385
382
-382
0
-254
32385
0
-254
32131
2
1
8033
8033
0
1
254
0
255
0
254
0
255
1
0
-1
-128
-1
-128
127
0
127
127
0
-254
0
-255
0
32258
0
32385
127
-254
-255
32258
32385
127
-509
64643
64261
3
0
8033
8033
0
255
0
0
0
255
0
255
0
1
1
-128
-1
1
0
-1
1
1
127
255
0
0
0
0
0
255
0
127
255
0
0
255
127
255
255
637
5
1
20
20
0
254
255
255
255
254
255
255
255
255
-128
-128
1
0
-1
127
127
-128
127
-32512
-32640
255
0
-254
32385
32385
-32640
32385
-65152
255
32131
-255
32385
-64897
31876
-636
6
0
-10
-10
0
0
1
255
1
0
0
254
254
255
0
-128
127
127
1
1
1
1
-1
0
-128
32385
127
0
0
254
254
-255
-128
32512
0
508
-255
32384
508
32637
3
0
4080
4080
0
0
255
0
255
255
0
1
254
255
127
0
-128
0
127
-1
1
0
127
0
0
0
0
32385
0
1
0
32385
0
0
32385
1
32385
0
32386
64771
4
0
4048
4048
0
0
255
1
254
254
254
0
255
0
-128
1
0
1
1
-128
0
-1
127
0
255
0
254
254
-32512
0
-255
0
255
254
-32258
-255
0
509
-32513
-32004
7
1
-250
0
0
1
0
1
255
255
0
254
255
1
0
-1
-128
0
0
-128
1
-128
-128
0
0
-128
0
0
0
254
-32640
-128
0
-128
0
-32386
-128
-128
-32386
-32642
4
0
-2040
-2040
0
0
255
0
0
255
254
255
255
1
-1
127
-128
-128
1
0
-128
1
1
0
32385
0
0
255
0
-32640
255
1
32385
0
255
-32385
1
32385
-32130
256
3
0
32
32
0
254
0
0
254
1
254
1
0
0
0
-128
-1
127
-1
0
-1
-128
127
0
0
0
32258
-1
0
-1
0
0
0
32258
-1
-1
0
32258
-2
32256
7
0
252
252
0
1
0
1
254
1
1
1
255
255
1
127
0
0
0
1
0
-1
-1
1
0
0
0
0
1
0
-255
-255
1
0
1
-255
-255
1
-254
-508
3
1
-63
0
0
1
0
255
254
254
254
1
1
1
0
127
-1
127
-128
-128
-1
-128
127
0
0
-255
32258
-32512
-32512
-1
-128
127
0
32003
-65024
-129
127
32003
-65153
-33023
0
0
-33023
-32768
1
1
254
0
1
0
1
255
254
254
-1
0
127
-1
127
1
-128
-1
-1
-1
0
0
-1
0
1
-32640
-254
-254
-1
-1
1
-32894
-254
-2
-32893
-33149
5
0
-1036
-1036
0
254
255
255
254
255
0
0
0
1
1
127
1
127
1
0
1
-128
1
254
32385
255
32258
255
0
0
0
1
32639
32513
255
0
1
65152
255
65408
1
0
32704
32704
0
0
254
254
1
255
255
1
0
254
1
127
-1
-128
0
1
0
0
-128
0
32258
-254
-128
0
255
0
0
-32512
32258
-382
255
0
-32512
31876
255
-381
6
0
-6
-6
0
255
254
255
1
255
254
0
255
254
-1
-1
-1
-128
127
127
-1
127
127
-255
-254
-255
-128
32385
32258
0
32385
32258
-509
-383
64643
32385
32258
-892
97028
128394
4
1
8025
8025
0
0
1
255
1
255
255
0
254
254
-1
-1
-128
-1
-1
1
-1
127
-1
0
-1
-32640
-1
-255
255
0
32258
-254
-1
-32641
0
32258
-254
-32642
32258
-638
6
0
-10
-10
0
255
254
0
254
254
255
255
1
0
-128
127
1
-128
-128
1
0
-1
0
-32640
32258
0
-32512
-32512
255
0
-1
0
-382
-32512
-32257
-1
0
-32894
-32258
-65152
4
0
-4072
-4072
0
255
254
255
0
1
254
254
1
255
127
-128
127
127
0
127
127
127
1
32385
-32512
32385
0
0
32258
32258
127
255
-127
32385
32258
32385
255
32258
64643
97156
4
1
6072
6072
0
254
255
0
254
254
254
255
255
255
127
0
-128
127
1
0
1
127
0
32258
0
0
32258
254
0
255
32385
0
32258
32258
254
32640
0
64516
32894
97410
6
1
1522
1522
0
255
255
1
0
255
0
0
0
254
127
-1
-128
-128
-1
-1
0
0
-1
32385
-255
-128
0
-255
0
0
0
-254
32130
-128
-255
0
-254
32002
-255
31493
0
1
31493
31493
0
254
254
1
255
0
255
0
1
0
0
127
-1
127
127
0
127
-128
-1
0
32258
-1
32385
0
0
0
-128
0
32258
32384
0
-128
0
64642
-128
64514
6
0
1008
1008
0
0
254
0
0
255
254
254
0
254
-1
-128
1
0
1
1
-1
1
0
0
-32512
0
0
255
254
-254
0
0
-32512
0
509
-254
0
-32512
255
-32257
5
0
-1008
-1008
0
254
255
254
255
255
0
0
0
254
0
-1
127
0
127
1
-1
127
1
0
-255
32258
0
32385
0
0
0
254
-255
32258
32385
0
254
32003
32385
64642
0
1
64642
32767
1
0
254
255
255
1
254
1
255
255
-1
1
-1
-128
-1
-1
0
0
-128
0
254
-255
-32640
-1
-254
0
0
-32640
254
-32895
-255
0
-32640
-32641
-255
-65536
2
1
-16384
0
0
254
1
254
255
1
255
254
255
1
-128
1
127
127
1
-1
0
0
1
-32512
1
32258
32385
1
-255
0
0
1
-32511
64643
-254
0
1
32132
-254
31879
7
0
249
249
0
1
0
255
254
254
0
1
254
254
127
-128
1
0
-128
-128
-1
127
-128
127
0
255
0
-32512
0
-1
32258
-32512
127
255
-32512
32257
-32512
382
-255
-32385
2
1
-8096
0
0
0
1
0
1
0
0
254
254
254
1
-128
0
-128
0
-128
0
-1
-128
0
-128
0
-128
0
0
0
-254
-32512
-128
-128
0
-254
-32512
-256
-254
-33022
1
0
-16511
-16511
0
1
0
0
255
255
255
0
254
254
0
-128
-128
127
127
-1
-128
0
-128
0
0
0
32385
32385
-255
0
0
-32512
0
32385
32130
0
-32512
32385
32130
32003
6
1
500
500
0
255
255
0
1
0
255
1
254
0
-1
-128
-1
127
0
-1
127
1
0
-255
-32640
0
127
0
-255
127
254
0
-32895
127
-255
381
0
-32768
126
-32642
2
1
-8160
0
0
1
255
0
1
255
1
1
254
0
-128
-1
127
-1
127
127
0
0
127
-128
-255
0
-1
32385
127
0
0
0
-383
-1
32512
0
0
-384
32512
32128
0
0
32128
32128
0
255
254
254
254
255
1
1
254
0
127
1
-128
127
-1
-128
1
-1
1
32385
254
-32512
32258
-255
-128
1
-254
0
32639
-254
-383
-253
0
32385
-636
31749
6
0
496
496
0
255
0
1
254
254
255
0
1
1
127
-1
1
1
-1
127
127
-128
-1
32385
0
1
254
-254
32385
0
-128
-1
32385
255
32131
-128
-1
32640
32003
64642
0
0
64642
32767
1
255
254
0
1
254
255
1
1
255
0
-1
-128
0
-128
1
-128
1
127
0
-254
0
0
-32512
255
-128
1
32385
-254
0
-32257
-127
32385
-254
-32384
-253
2
0
-63
-63
0
1
255
0
1
1
1
255
1
0
1
1
-1
1
-128
0
-128
0
0
1
255
0
1
-128
0
-32640
0
0
256
1
-128
-32640
0
257
-32768
-32511
0
0
-32511
-32511
0
255
254
255
255
255
254
254
254
255
-128
-128
-1
0
127
-1
0
-128
-128
-32640
-32512
-255
0
32385
-254
0
-32512
-32640
-65152
-255
32131
-32512
-32640
-65407
-381
-98428
0
1
-98428
0
1
254
254
0
0
1
0
1
0
254
-1
-1
127
1
1
1
127
-128
-128
-254
-254
0
0
1
0
127
0
-32512
-508
0
1
127
-32512
-508
128
-32892
0
0
-32892
-32768
1
0
255
255
254
254
255
254
0
254
-1
1
-1
1
-128
-128
-1
1
-1
0
255
-255
254
-32512
-32640
-254
0
-254
255
-1
-65152
-254
-254
254
-65406
-65406
5
0
-2044
-2044
0
1
254
0
255
255
255
1
255
1
1
1
1
-128
-128
127
-1
-128
127
1
254
0
-32640
-32640
32385
-1
-32640
127
255
-32640
-255
-32641
127
-32385
-32896
-65154
3
0
-8144
-8144
0
255
0
255
1
0
1
0
254
1
0
0
0
-128
-128
1
-128
-1
127
0
0
0
-128
0
1
0
-254
127
0
-128
1
-254
127
-128
-253
-254
0
0
-254
-254
0
0
254
255
1
254
254
254
254
1
-128
0
127
-128
0
-128
-128
0
-1
0
0
32385
-128
0
-32512
-32512
0
-1
0
32257
-32512
-32512
-1
32257
-65024
-32768
0
1
-32768
0
0
254
1
1
255
1
0
1
1
254
0
0
0
-1
1
0
127
1
1
0
0
0
-255
1
0
127
1
254
0
-255
1
128
254
-255
129
128
4
0
8
8
0
0
255
0
0
254
1
1
255
1
0
0
-1
0
127
127
-1
0
-1
0
0
0
0
32258
127
-1
0
-1
0
0
32385
-1
-1
0
32384
32383
1
1
16192
16192
0
0
254
1
255
255
254
1
254
254
-128
-128
-1
-128
1
-128
127
1
127
0
-32512
-1
-32640
255
-32512
127
254
32258
-32512
-32641
-32257
381
32258
-65153
-31876
-64771
5
0
-2024
-2024
0
255
255
255
0
254
255
254
0
0
-1
1
-128
1
127
0
127
0
-128
-255
255
-32640
0
32258
0
32258
0
0
0
-32640
32258
32258
0
-32640
64516
31876
4
0
1992
1992
0
0
0
0
1
255
255
1
1
255
-1
-1
-1
0
127
127
0
1
1
0
0
0
0
32385
32385
0
1
255
0
0
64770
1
255
0
64771
65026
3
0
8128
8128
0
1
0
1
1
255
254
1
0
1
-1
-1
0
0
0
1
-1
127
127
-1
0
0
0
0
254
-1
0
127
-1
0
254
-1
127
-1
253
379
0
0
379
379
0
255
255
254
255
254
1
255
0
1
-128
127
127
0
1
1
-1
1
0
-32640
32385
32258
0
254
1
-255
0
0
-255
32258
255
-255
0
32003
0
32003
2
0
8001
8001
0
1
254
255
1
1
1
0
254
255
-128
0
-1
-128
0
127
-128
-128
1
-128
0
-255
-128
0
127
0
-32512
255
-128
-383
127
-32512
255
-511
-32385
-32641
0
0
-32641
-32641
0
0
0
1
0
255
0
255
1
1
1
-1
-1
127
-1
0
1
-128
1
0
0
-1
0
-255
0
255
-128
1
0
-1
-255
127
1
-1
-128
-128
0
1
-128
0
0
255
254
255
254
255
255
1
255
255
-1
-128
-128
127
127
-128
1
-1
1
-255
-32512
-32640
32258
32385
-32640
1
-255
255
-32767
-382
-255
-254
255
-33149
-509
-33403
2
0
-8351
-8351
0
0
0
254
254
254
0
255
1
0
-1
-128
-1
-1
-128
1
-128
127
1
0
0
-254
-254
-32512
0
-32640
127
0
0
-508
-32512
-32513
0
-508
-65025
-65533
6
1
-1024
0
0
254
255
255
255
254
254
255
255
255
0
-128
127
0
127
127
127
-128
127
0
-32640
32385
0
32258
32258
32385
-32640
32385
-32640
32385
64516
-255
32385
-255
64261
96391
4
1
6024
6024
0
0
255
254
255
254
1
254
254
0
1
1
-128
-1
127
1
0
-128
-128
0
255
-32512
-255
32258
1
0
-32512
0
255
-32767
32259
-32512
0
-32512
-253
-32765
5
0
-1024
-1024
0
0
255
1
0
255
255
1
1
1
1
127
127
-1
-1
1
1
-128
-1
0
32385
127
0
-255
255
1
-128
-1
32385
127
0
-127
-1
32512
-127
32384
7
1
253
253
0
1
1
1
0
1
255
1
1
254
-128
-1
1
127
-1
-1
-128
-128
1
-128
-1
1
0
-1
-255
-128
-128
254
-129
1
-256
-256
254
-128
-512
-386
5
0
-12
-12
0
1
0
1
1
255
0
0
255
1
-128
1
-128
1
0
-128
127
-128
1
-128
0
-128
1
0
0
0
-32640
1
-128
-127
0
-32640
1
-255
-32640
-32894
2
1
-8223
0
0
0
255
255
254
255
255
255
255
0
0
127
0
0
0
0
-1
1
-1
0
32385
0
0
0
0
-255
255
0
32385
0
0
0
0
32385
0
32385
5
1
1012
1012
0
255
1
255
0
254
255
254
255
1
-1
127
127
0
-128
1
-1
0
1
-255
127
32385
0
-32512
255
-254
0
1
-128
32385
-32257
-254
1
32257
-32511
-253
6
0
-4
-4
0
255
255
255
254
255
0
1
254
255
1
-128
127
127
-1
127
1
-128
0
255
-32640
32385
32258
-255
0
1
-32512
0
-32385
64643
-255
-32511
0
32258
-32766
-508
5
0
-16
-16
0
254
254
0
255
1
0
0
1
0
1
-128
127
0
-128
127
127
1
0
254
-32512
0
0
-128
0
0
1
0
-32258
0
-128
1
0
-32258
-127
-32385
3
0
-4048
-4048
0
254
1
254
0
255
255
254
1
254
1
-1
-1
127
-128
0
0
-1
1
254
-1
-254
0
-32640
0
0
-1
254
253
-254
-32640
-1
254
-1
-32641
-32388
4
0
-2024
-2024
0
255
0
255
255
0
1
1
1
1
-128
-1
-128
127
-1
0
-128
1
127
-32640
0
-32640
32385
0
0
-128
1
127
-32640
-255
0
-127
127
-32895
-127
-32895
1
0
-16447
-16447
0
254
254
254
254
1
254
1
1
1
0
-1
1
1
1
0
-128
127
-128
0
-254
254
254
1
0
-128
127
-128
-254
508
1
-1
-128
254
0
126
1
1
63
63
0
1
254
254
1
0
1
0
255
1
-128
127
-1
-1
1
127
-1
-1
127
-128
32258
-254
-1
0
127
0
-255
127
32130
-255
127
-255
127
31875
-128
31874
2
1
7969
7969
0
254
0
255
1
254
254
0
255
254
-128
0
-128
0
1
-1
0
-1
1
-32512
0
-32640
0
254
-254
0
-255
254
-32512
-32640
0
-255
254
-65152
-255
-65153
7
1
-509
0
0
1
1
254
254
1
1
0
1
1
-128
0
-1
127
0
-128
127
0
0
-128
0
-254
32258
0
-128
0
0
0
-128
32004
-128
0
0
31876
-128
31748
7
0
248
248
0
255
254
1
1
1
254
1
255
255
127
-1
1
-1
-128
-128
1
1
1
32385
-254
1
-1
-128
-32512
1
255
255
32131
0
-32640
256
255
32131
-32384
2
1
0
1
1
0
254
1
0
0
1
0
254
255
0
-128
1
1
-1
127
-128
0
1
1
-32512
1
0
0
127
0
0
255
0
-32511
0
127
255
0
-32511
382
-32129
7
1
-251
0
0
1
254
254
1
254
1
255
254
255
127
-1
-1
-1
127
-128
1
-1
127
127
-254
-254
-1
32258
-128
255
-254
32385
-127
-255
32130
1
32385
-382
32131
64134
1
1
32067
32067
0
254
255
1
255
1
255
1
254
254
1
1
-128
127
1
0
-1
-1
-128
254
255
-128
32385
1
0
-1
-254
-32512
509
32257
1
-255
-32512
32766
-254
0
6
0
0
0
0
254
1
1
255
255
1
254
0
0
1
-128
1
127
0
-128
1
1
127
254
-128
1
32385
0
-128
254
0
0
126
32386
-128
254
0
32512
126
32638
1
0
16319
16319
0
254
0
0
1
1
254
254
0
1
127
-1
1
-1
-1
0
0
1
-1
32258
0
0
-1
-1
0
0
0
-1
32258
-1
-1
0
-1
32257
-1
32255
2
0
8064
8064
0
0
254
255
255
1
1
254
255
255
-1
-1
0
1
-128
-1
-1
1
0
0
-254
0
255
-128
-1
-254
255
0
-254
255
-129
1
0
1
-128
-127
2
0
-32
-32
0
1
254
254
255
255
254
254
255
255
1
-1
127
0
0
127
0
-1
1
1
-254
32258
0
0
32258
0
-255
255
-253
32258
32258
-255
255
32005
32003
64263
7
1
502
502
0
255
255
1
1
254
254
0
1
254
0
0
127
127
-1
1
-128
1
0
0
0
127
127
-254
254
0
1
0
0
254
0
1
0
254
1
255
1
0
128
128
0
0
0
255
1
254
254
255
255
255
0
0
0
-128
-1
127
0
-1
-128
0
0
0
-128
-254
32258
0
-255
-32640
0
-128
32004
-255
-32640
-128
31749
-1019
2
1
-255
0
0
255
255
254
254
1
1
0
1
0
0
-1
-1
0
1
127
0
0
-128
0
-255
-254
0
1
127
0
0
0
-255
-254
128
0
0
-509
128
-381
1
1
-190
0
0
254
1
1
0
0
1
1
254
254
0
-128
1
1
-1
-1
-128
127
-128
0
-128
1
0
0
-1
-128
32258
-32512
-128
1
-1
32130
-32512
-127
32129
-510
3
0
-64
-64
0
1
254
0
254
255
0
255
1
0
127
0
1
-1
-128
-1
1
0
1
127
0
0
-254
-32640
0
255
0
0
127
-254
-32640
255
0
-127
-32385
-32512
2
1
-8128
0
0
0
0
0
1
254
255
1
254
255
0
0
127
-128
127
127
-1
-128
0
0
0
0
-128
32258
32385
-1
-32512
0
0
-128
64643
-32513
0
-128
32130
32002
6
0
500
500
0
254
1
255
254
1
0
1
0
1
-1
1
-128
0
0
127
0
-1
-1
-254
1
-32640
0
0
0
0
0
-1
-253
-32640
0
0
-1
-32893
0
-32894
7
1
-257
0
0
254
1
255
0
255
255
1
254
0
127
-128
-1
127
127
127
-1
-1
-1
32258
-128
-255
0
32385
32385
-1
-254
0
32130
-255
64770
-255
0
31875
64515
96390
0
1
96390
32767
1
1
1
255
255
255
0
254
254
255
-1
-1
1
0
-1
0
127
127
-1
-1
-1
255
0
-255
0
32258
32258
-255
-2
255
-255
64516
-255
253
64261
64259
2
0
16065
16065
0
254
1
0
1
1
254
255
255
255
1
0
1
1
-1
127
1
-128
1
254
0
0
1
-1
32258
255
-32640
255
254
1
32257
-32385
255
255
-128
382
0
1
382
382
0
1
255
1
0
1
0
1
0
254
1
-1
-128
127
-1
1
-1
-128
-1
1
-255
-128
0
-1
0
-1
0
-254
-254
-128
-1
-1
-254
-382
-2
-638
6
0
-10
-10
0
254
254
1
255
255
0
0
255
255
-1
0
1
127
0
0
0
1
127
-254
0
1
32385
0
0
0
255
32385
-254
32386
0
255
32385
32132
255
64772
2
1
16193
16193
0
254
255
254
0
0
1
1
254
254
0
0
0
127
0
-1
-1
0
-1
0
0
0
0
0
-1
-1
0
-254
0
0
-1
-1
-254
0
-2
-256
1
0
-128
-128
0
255
254
254
255
254
254
255
255
0
1
0
127
1
0
-128
-1
0
127
255
0
32258
255
0
-32512
-255
0
0
255
32513
-32512
-255
0
32768
-32767
1
2
1
0
0
0
0
254
0
254
1
255
255
255
255
-128
127
-128
-128
1
127
-1
1
127
0
32258
0
-32512
1
32385
-255
255
32385
32258
-32512
32386
0
32385
-254
32386
64517
5
1
2016
2016
0
255
1
1
254
254
255
254
255
255
1
-1
127
1
-1
0
1
1
-128
255
-1
127
254
-254
0
254
255
-32640
254
381
-254
509
-32640
635
255
-31750
6
1
-496
0
0
254
1
254
255
255
255
1
254
1
-1
-128
0
-128
1
127
0
127
1
-254
-128
0
-32640
255
32385
0
32258
1
-382
-32640
32640
32258
1
-33022
64898
31877
5
0
996
996
0
254
0
0
0
255
255
255
255
0
0
127
-1
-128
0
-128
-1
127
127
0
0
0
0
0
-32640
-255
32385
0
0
0
-32640
32130
0
0
-510
-510
2
0
-127
-127
0
255
254
255
255
0
254
1
254
1
-1
1
1
127
-128
-128
1
-1
1
-255
254
255
32385
0
-32512
1
-254
1
-1
32640
-32512
-253
1
32639
-32765
-125
5
0
-4
-4
0
254
255
255
1
254
1
1
255
1
-128
-1
1
0
-128
1
-1
0
-128
-32512
-255
255
0
-32512
1
-1
0
-128
-32767
255
-32511
-1
-128
-32512
-32512
-65152
1
1
-32576
0
0
1
255
1
1
255
0
1
255
0
127
127
-1
1
-1
1
1
0
-128
127
32385
-1
1
-255
0
1
0
0
32512
0
-255
1
0
32512
-254
32258
1
1
16129
16129
0
0
254
254
254
254
0
254
255
0
1
-128
0
-128
1
-1
0
0
127
0
-32512
0
-32512
254
0
0
0
0
-32512
-32512
254
0
0
-65024
254
-64770
0
1
-64770
0
1
254
255
1
255
255
254
0
254
0
0
0
-128
0
127
127
-1
0
-128
0
0
-128
0
32385
32258
0
0
0
0
-128
64643
0
0
-128
64643
64515
5
0
2016
2016
0
254
1
1
254
0
1
1
1
255
-128
1
1
-1
-1
-1
1
1
0
-32512
1
1
-254
0
-1
1
1
0
-32511
-253
-1
2
0
-32764
1
-32763
5
0
-1024
-1024
0
254
0
1
0
255
1
254
255
254
-128
0
0
-128
127
0
1
127
-1
-32512
0
0
0
32385
0
254
32385
-254
-32512
0
32385
32639
-254
-32512
65024
32258
5
1
1008
1008
0
0
255
254
255
255
255
0
255
255
127
0
127
0
127
127
0
-1
-128
0
0
32258
0
32385
32385
0
-255
-32640
0
32258
64770
-255
-32640
32258
64515
64133
7
0
501
501
0
0
255
0
1
0
0
255
255
0
1
127
127
0
-128
0
127
127
-128
0
32385
0
0
0
0
32385
32385
0
32385
0
0
64770
0
32385
64770
97155
3
1
12144
12144
0
0
254
255
255
1
255
255
255
255
1
-1
-1
-128
127
1
-1
127
1
0
-254
-255
-32640
127
255
-255
32385
255
-254
-32895
382
32130
255
-33149
32512
-382
4
1
-24
0
0
254
254
0
1
254
255
0
254
0
0
-128
-1
-1
-128
127
0
1
-128
0
-32512
0
-1
-32512
32385
0
254
0
-32512
-1
-127
254
0
-32513
127
-32386
2
0
-8096
-8096
0
254
254
1
254
255
254
255
254
0
0
0
-1
1
-1
0
127
-128
127
0
0
-1
254
-255
0
32385
-32512
0
0
253
-255
-127
0
253
-382
-129
6
1
-2
0
0
1
255
0
0
1
254
1
254
255
-128
-128
127
0
-1
0
1
1
0
-128
-32640
0
0
-1
0
1
254
0
-32768
0
-1
255
0
-32768
254
-32514
6
1
-508
0
0
